id,fold,model,brier,brier_present,brier_absent,average_precision,ap_absent
dev_0001,5,combined,0.0751026688194535,0.16545204289608817,0.0598859321328624,0.07590827957348636,0.04340379300333534
dev_0001,5,demographics,0.06895525035963349,0.14773669015276836,0.05568679734184235,0.11763813727155831,0.05597542177662851
dev_0001,5,persistence,0.16216216216216217,0.8125,0.05263157894736842,0.11535754504504504,0.05263157894736842
dev_0001,5,population,0.06834548564227204,0.1483256818795571,0.05487513680230823,0.1194077969386068,0.056507177033492825
dev_0001,5,text,0.07490117747934681,0.16556856674337508,0.05963088034014205,0.07613728535748668,0.04245721583652618
dev_0001,5,transition,0.07069626732049675,0.1847775954033773,0.0514825699591695,0.14939994216310004,0.08922628941616284
dev_0002,2,combined,0.11364328649827632,0.19418682006981666,0.10118810089442988,0.18468360728614197,0.10483279730083131
dev_0002,2,demographics,0.11293200664151239,0.21668597053972108,0.0968875792345729,0.1544652272772958,0.10650435039034035
dev_0002,2,persistence,0.1875,0.7333333333333333,0.10309278350515463,0.16547619047619047,0.10309278350515463
dev_0002,2,population,0.11042825177600071,0.21170415236037704,0.0947670300361487,0.15938397581254724,0.12463004714080755
dev_0002,2,text,0.11210474152764725,0.1906172922165558,0.09996362544173355,0.19875237119925995,0.1175193811570192
dev_0002,2,transition,0.11120266366420938,0.22837356096175052,0.0930834527419092,0.19405150193711368,0.14692225855181748
dev_0003,3,combined,0.049453394974013354,0.1365262719470281,0.04255653343159634,0.060743654006811906,0.06024930569874653
dev_0003,3,demographics,0.047632349384709165,0.12505483329676617,0.04149987541147692,0.09953881609695564,0.1250300992236476
dev_0003,3,persistence,0.10091743119266056,0.875,0.039603960396039604,0.06169724770642202,0.039603960396039604
dev_0003,3,population,0.04838457642469763,0.12544847806797577,0.04228050500740827,0.09070929070929072,0.11283143939393939
dev_0003,3,text,0.049464941522899805,0.13557576496576423,0.042644282240296684,0.0601563729751245,0.06344317364206356
dev_0003,3,transition,0.05536013064384738,0.2648630390730191,0.03876584086727932,0.13207163207163208,0.15916322669418645
dev_0004,4,combined,0.054902742790212594,0.24620846730683635,0.04717321856731871,0.16504884004884005,0.21215366001209923
dev_0004,4,demographics,0.05500818809865199,0.2407169731793639,0.04750480284286565,0.18208216619981327,0.23194931773879143
dev_0004,4,persistence,0.07766990291262135,0.75,0.050505050505050504,0.09021035598705501,0.050505050505050504
dev_0004,4,population,0.056067202699164716,0.2437116623587053,0.04848560836948631,0.18461144854577385,0.2393185537866389
dev_0004,4,text,0.055362096836482855,0.24972571263695273,0.04750902145060529,0.1527756194422861,0.1956794674859191
dev_0004,4,transition,0.053154297199672594,0.2552453728479999,0.044989001213881594,0.23984256484256483,0.2996825396825397
dev_0005,4,combined,0.07410819861197172,0.33984830443650277,0.0455339936846028,0.35019833967202385,0.05608506233506233
dev_0005,4,demographics,0.08062503749629256,0.3736854267978566,0.049113167678920086,0.16732394909155787,0.04734432234432234
dev_0005,4,persistence,0.08737864077669903,0.5,0.043010752688172046,0.31661272923408845,0.043010752688172046
dev_0005,4,population,0.07994707968161663,0.3713919216079627,0.04860892463577296,0.17714045214045213,0.05022079903691565
dev_0005,4,text,0.07347955649391943,0.34008008385391286,0.04481283312187714,0.36419177171925365,0.06303912958626073
dev_0005,4,transition,0.06351680658923388,0.23549104999637654,0.045024952459433595,0.44738320222191186,0.051001413478354615
dev_0006,4,combined,0.035854560782263234,0.17950520369971829,0.03005049440176,0.06726735796503239,0.03943452380952381
dev_0006,4,demographics,0.03804795239333455,0.21347719596919384,0.030959902147845286,0.042093079922027286,0.04129129129129129
dev_0006,4,persistence,0.04854368932038835,0.75,0.020202020202020204,0.10275080906148867,0.020202020202020204
dev_0006,4,population,0.038338203121283755,0.2065603178889703,0.031541349999357024,0.04409171075837742,0.037037037037037035
dev_0006,4,text,0.035704350708878445,0.1750944388506739,0.030072427955674583,0.06925639372447882,0.03736413043478261
dev_0006,4,transition,0.03227455704375405,0.1570481045214757,0.027233201590108735,0.19155844155844154,0.023314014752370917
dev_0007,3,combined,0.06617527602358175,0.13174191978186833,0.05571251372172751,0.5100384918470025,0.36220858172077686
dev_0007,3,demographics,0.06978864114347062,0.13448071272056494,0.059465438232232166,0.41323864747074823,0.1770598824397636
dev_0007,3,persistence,0.1651376146788991,0.8,0.06382978723404255,0.1217125382262997,0.06382978723404255
dev_0007,3,population,0.06935443225693878,0.1330189164512686,0.05919520605571594,0.4231801471057869,0.1990543735224586
dev_0007,3,text,0.06571881544016643,0.13157594308712353,0.05520969932629029,0.5425489599587635,0.4050452306526475
dev_0007,3,transition,0.07208913682437504,0.17239158648797426,0.05608342677167304,0.29496108860985243,0.24204606450983263
dev_0008,2,combined,0.06076884445213384,0.19082422280786748,0.05595197858710667,0.11062014899836914,0.0889650262018683
dev_0008,2,demographics,0.06663359533070065,0.22372605702342407,0.060815356008747934,0.055800964905663386,0.047822819509885636
dev_0008,2,persistence,0.08035714285714286,0.75,0.05555555555555555,0.08928571428571427,0.05555555555555555
dev_0008,2,population,0.06595176552932812,0.22828015894448517,0.05993960281024824,0.05888610723792622,0.049645408198039774
dev_0008,2,text,0.06008314560524093,0.19392716486855602,0.05512595970659963,0.1158376007906026,0.10221581367648207
dev_0008,2,transition,0.06178351376612531,0.1939409920044998,0.056888792349889215,0.10413439063760394,0.051081535014951995
dev_0009,4,combined,0.14111731274483408,0.29440597322071416,0.10865618464405948,0.22763379951374485,0.15078936066084342
dev_0009,4,demographics,0.13839165627016986,0.29550233157012273,0.10512116032429748,0.29054249823285483,0.16730382191017132
dev_0009,4,persistence,0.20388349514563106,0.6111111111111112,0.11764705882352941,0.25721809759502506,0.11764705882352941
dev_0009,4,population,0.1378376905481667,0.29139072137991934,0.10532057813673673,0.2884867603334931,0.1541885714038662
dev_0009,4,text,0.1411165567120486,0.2928865861901956,0.10897702105785276,0.22991179356263733,0.14579827727997066
dev_0009,4,transition,0.13308915439156208,0.2705601948346868,0.10397763994478273,0.30670878479024566,0.17533705003056393
dev_0010,3,combined,0.10608987355407151,0.178755047868388,0.09266261308294782,0.5417516488652164,0.3987034787634488
dev_0010,3,demographics,0.11325570837413249,0.20333808616010965,0.09661005160933235,0.47675477417287376,0.4316822258452097
dev_0010,3,persistence,0.21100917431192662,0.7058823529411765,0.11956521739130435,0.19282919589854292,0.11956521739130435
dev_0010,3,population,0.11323157625374772,0.20400958114814924,0.09645737969717352,0.4553434684405896,0.48289962471013737
dev_0010,3,text,0.10559309139770875,0.17840496210465576,0.09213872398446855,0.5399628128125572,0.3986262730827948
dev_0010,3,transition,0.11120988352838228,0.16915718944584943,0.10050222917406769,0.4211293978701823,0.3902957440012776
dev_0011,2,combined,0.07273186243451753,0.1539625527993746,0.06017041547087983,0.10629683487133439,0.04887368327537936
dev_0011,2,demographics,0.06990399814184806,0.157816571051859,0.05630927037225873,0.09928789029398785,0.05039524315815717
dev_0011,2,persistence,0.15178571428571427,0.8,0.05154639175257732,0.11964285714285713,0.05154639175257732
dev_0011,2,population,0.07094289241486496,0.16301775908851254,0.056704510970486455,0.083270916005291,0.04303133751744575
dev_0011,2,text,0.07342190789098231,0.15830863509310933,0.060295094406117314,0.09614069498378107,0.04571982812419971
dev_0011,2,transition,0.06705510748202476,0.16320768473677577,0.05218615223644469,0.15115110059963002,0.05705307960908283
dev_0012,4,combined,0.10657178008454438,0.46147151975997813,0.08846465050926713,0.1265030900295128,0.09093392244548928
dev_0012,4,demographics,0.10736536661227929,0.4929147916681285,0.0876944775788176,0.12530402321069017,0.10216756885595307
dev_0012,4,persistence,0.10679611650485436,0.4,0.09183673469387756,0.237378640776699,0.09183673469387756
dev_0012,4,population,0.10780693616114385,0.491919679024729,0.08820934723953236,0.1237747047526252,0.09255808752679326
dev_0012,4,text,0.10708252092401488,0.4634644807362178,0.08889976787237187,0.12385408209101337,0.08868386604497715
dev_0012,4,transition,0.0998488696824598,0.3734676319602157,0.08588872874992123,0.2508892291611658,0.10718854757645616
dev_0013,1,combined,0.09207438156259899,0.252513917139942,0.06256826007711062,0.246624743489334,0.06230259498858381
dev_0013,1,demographics,0.09206757407474081,0.2708857852508721,0.059181466272233904,0.25613300902918984,0.07273916127037036
dev_0013,1,persistence,0.14563106796116504,0.625,0.05747126436781609,0.25308914386584286,0.05747126436781609
dev_0013,1,population,0.09293276471489362,0.27277593457042554,0.05985815876445096,0.282636955629188,0.054834421476889716
dev_0013,1,text,0.09259265867986498,0.2538748506174597,0.06293156590973262,0.21995493396530683,0.05891841836510776
dev_0013,1,transition,0.0874074403376054,0.25521195536566477,0.05654683987267494,0.3099365263158367,0.06813121579149582
dev_0014,5,combined,0.11043668471607233,0.308091549403103,0.07469059216629019,0.18834285263718586,0.08508109924891168
dev_0014,5,demographics,0.10979758665423221,0.321078300429021,0.07158724480134487,0.23219220510589175,0.09499519935854357
dev_0014,5,persistence,0.15315315315315314,0.5882352941176471,0.07446808510638298,0.2689454160042395,0.07446808510638298
dev_0014,5,population,0.10986526629248747,0.32269599711340113,0.07137460220785415,0.22785841471475612,0.09732034801740998
dev_0014,5,text,0.11065952814298328,0.3100939656707336,0.0745915979517944,0.18276498421101658,0.08651481528868908
dev_0014,5,transition,0.10789445257744587,0.31812742169528174,0.06987359646039044,0.25946076168447024,0.10318932965491176
dev_0015,1,combined,0.08910438936588429,0.24334734587324267,0.0668248512037103,0.4455415106117353,0.2862312266337034
dev_0015,1,demographics,0.09571838202072062,0.2930359094127318,0.06721696139743011,0.3431314547213055,0.35382146945991994
dev_0015,1,persistence,0.14563106796116504,0.6153846153846154,0.07777777777777778,0.22821757530495396,0.07777777777777778
dev_0015,1,population,0.09739516596919018,0.30066281274760887,0.06803428365675193,0.25210584151530224,0.24326617409324175
dev_0015,1,text,0.08971453788781292,0.24602212924741151,0.06713677469142645,0.4428188203416398,0.2856591354490514
dev_0015,1,transition,0.08293727507688763,0.1745961687119329,0.06969765710738109,0.5295810013647385,0.20792819779025076
dev_0016,2,combined,0.07296498850584647,0.1488571750750602,0.06122908336627733,0.166239255128144,0.09703265788792104
dev_0016,2,demographics,0.07336824263251515,0.15208046296634858,0.061196249797386276,0.1718297028309872,0.10383719782520381
dev_0016,2,persistence,0.16071428571428573,0.8,0.061855670103092786,0.12023809523809523,0.061855670103092786
dev_0016,2,population,0.07338299889223851,0.16203014287000245,0.05967467765856367,0.1694216112370874,0.13489201561490718
dev_0016,2,text,0.07314581314241066,0.15723836359648943,0.060141810494872695,0.1734615396039718,0.12598210967776186
dev_0016,2,transition,0.06718815219515273,0.13153682483847096,0.05723732652866022,0.2750877272158201,0.14274188857055597
dev_0017,4,combined,0.11453054588614385,0.23454523854993756,0.09870443256784138,0.2552771387272854,0.16880693322978538
dev_0017,4,demographics,0.11168925755480366,0.28286159154585244,0.08911708164389613,0.3407279156216343,0.40624245036009743
dev_0017,4,persistence,0.17475728155339806,0.6666666666666666,0.10989010989010989,0.19232547387887194,0.10989010989010989
dev_0017,4,population,0.1120281265368298,0.2871706338490027,0.08893241128687292,0.332833066793516,0.4306568837666399
dev_0017,4,text,0.11440516771706369,0.23558156772549424,0.09842586222144648,0.2555259798326354,0.16504166123731343
dev_0017,4,transition,0.10296949718469472,0.19638894826839295,0.0906504486901411,0.3921326161974098,0.38780817482611957
dev_0018,1,combined,0.07819736137865942,0.13502228223207646,0.06925860978373988,0.2417381717469545,0.2988086666433594
dev_0018,1,demographics,0.07439327043993799,0.1345157356752382,0.06493580399843009,0.3224617313301284,0.47749831148917526
dev_0018,1,persistence,0.18446601941747573,0.8571428571428571,0.07865168539325842,0.09970719679457543,0.07865168539325842
dev_0018,1,population,0.07580679233353921,0.13529432837137015,0.06644920239500401,0.3057372050150237,0.4371641320620912
dev_0018,1,text,0.07870455392036795,0.13510677522617856,0.06983229438911684,0.24075638547724293,0.2832053748720415
dev_0018,1,transition,0.07638419350862966,0.1318799489226612,0.0676545241176584,0.21970934838581896,0.4354187171022568
dev_0019,3,combined,0.04062361764270262,0.10203968584659126,0.02509311763712159,0.03396025374169888,0.023809523809523808
dev_0019,3,demographics,0.03717618285718905,0.094175963356459,0.022762445259672512,0.02470018565908977,0.022727272727272728
dev_0019,3,persistence,0.1926605504587156,0.9090909090909091,0.011494252873563218,0.06978037253266611,0.011494252873563218
dev_0019,3,population,0.03778568190079313,0.0936332773356808,0.02366330144599395,0.02578095458366833,0.02702702702702703
dev_0019,3,text,0.04073271637931422,0.10152944138252339,0.025358831895744092,0.03589065255731922,0.02702702702702703
dev_0019,3,transition,0.048705344732213614,0.1688608264838321,0.01832119992145952,0.07112299465240642,0.029411764705882353
dev_0020,3,combined,0.09443533937616694,0.45410303749638165,0.06594680883199151,0.382376297068244,0.32439051430986915
dev_0020,3,demographics,0.09681666425025874,0.47154606251916853,0.06713512775371143,0.3615641022127937,0.3725225758750395
dev_0020,3,persistence,0.10091743119266056,0.375,0.07920792079207921,0.31377911079745946,0.07920792079207921
dev_0020,3,population,0.09761815098735077,0.4660603371783496,0.06843461148707364,0.3629021665564126,0.32922995347564316
dev_0020,3,text,0.09516415216070301,0.4509425491079518,0.0669836850757724,0.38603347486266043,0.30498712998712996
dev_0020,3,transition,0.08838829233309874,0.35930524238772554,0.06692952401194018,0.4515359447551934,0.45141369047619045
dev_0021,1,combined,0.06294381054386981,0.35189123732207417,0.0318741947612672,0.6390406464049875,0.3277777777777778
dev_0021,1,demographics,0.0690153754977777,0.398343230314533,0.033603778205653474,0.47319520064529136,0.2861111111111111
dev_0021,1,persistence,0.06796116504854369,0.4,0.03225806451612903,0.429126213592233,0.03225806451612903
dev_0021,1,population,0.07025894212549483,0.41055707727325336,0.033667744797778856,0.4621567844166714,0.29444444444444445
dev_0021,1,text,0.06323204843548189,0.3577260002371439,0.031566032112722534,0.6433621933621934,0.3277777777777778
dev_0021,1,transition,0.05193052645663721,0.24237279586524474,0.031452863079367586,0.8163035794614741,0.2523809523809524
dev_0022,1,combined,0.07480554557377037,0.1959972558568301,0.06862229504912447,0.10019072701562805,0.10202529862955302
dev_0022,1,demographics,0.07349785240981857,0.17562093413355864,0.06828749109738286,0.11326412563942656,0.11261866581015517
dev_0022,1,persistence,0.10679611650485436,0.8,0.07142857142857142,0.09296116504854368,0.07142857142857142
dev_0022,1,population,0.07435952706187546,0.17983295397554105,0.06897822977036192,0.10186103953162108,0.10307772561293688
dev_0022,1,text,0.0755948385743025,0.20072445601869798,0.0692106744189762,0.09335480596893095,0.0955386778473908
dev_0022,1,transition,0.07521477420932325,0.2224890185001765,0.06770078215366747,0.1273577252639019,0.09319327257759027
dev_0023,3,combined,0.07212204552275435,0.11592694973468277,0.06957030352982647,0.32813451980118646,0.27551154043089526
dev_0023,3,demographics,0.0700515823825061,0.11376604471545357,0.06750510884854799,0.3715159993241086,0.3287657830374412
dev_0023,3,persistence,0.11926605504587157,0.8333333333333334,0.07766990291262135,0.09191301393136256,0.07766990291262135
dev_0023,3,population,0.06935443225693878,0.11044777079073596,0.06696064554623216,0.3631338444575666,0.33138705954239933
dev_0023,3,text,0.07163605779492058,0.11365648113011324,0.06918826614432683,0.3288534066722909,0.2763211803396482
dev_0023,3,transition,0.0688302625239657,0.11102396458327493,0.06637237696711273,0.3283500115021854,0.30546375549778454
dev_0024,3,combined,0.07503513025669807,0.37049045946536513,0.04187177697817422,0.2934849805404994,0.15108193277310925
dev_0024,3,demographics,0.07984399375643433,0.43104885312840463,0.04042304015345807,0.22049222907582042,0.20415552584670232
dev_0024,3,persistence,0.08256880733944955,0.45454545454545453,0.04081632653061224,0.36396997497914924,0.04081632653061224
dev_0024,3,population,0.0813209260742503,0.4389166733887231,0.04118262790629928,0.18532316307545668,0.17545454545454547
dev_0024,3,text,0.07552203973167938,0.37356392153535706,0.04206835912106251,0.28646879074550036,0.14753787878787877
dev_0024,3,transition,0.06667398228732876,0.31235192994380695,0.0390978861218057,0.44910603505005786,0.18149509803921568
dev_0025,3,combined,0.09901215720380303,0.020960229930820033,0.10436866201665482,0.3045244240979724,0.32748260159337156
dev_0025,3,demographics,0.10125594411867656,0.018244384548359152,0.10695281585389442,0.23999176099238181,0.2601911472846976
dev_0025,3,persistence,0.1834862385321101,1,0.12745098039215685,0.11926605504587157,0.12745098039215685
dev_0025,3,population,0.10137904904422011,0.01740315353794772,0.10714210069661136,0.23012908625286846,0.24521295697766288
dev_0025,3,text,0.09900173006824864,0.02029786247504295,0.10440297588346864,0.2991619675917589,0.31993780184956655
dev_0025,3,transition,0.10296192252541511,0.058150842867440655,0.1060371926980212,0.23571308198920501,0.3386931095805202
dev_0026,4,combined,0.1681295628061214,0.276509497516633,0.1524746833479364,0.40537665716554483,0.2335472049502018
dev_0026,4,demographics,0.1731147859132013,0.3046353804810935,0.1541173666978391,0.3409375750837294,0.19296802236755525
dev_0026,4,persistence,0.22330097087378642,0.5384615384615384,0.17777777777777778,0.2812139316993686,0.17777777777777778
dev_0026,4,population,0.17305447882531802,0.3038796876901117,0.15415750421151447,0.35421054325582696,0.19615432419692466
dev_0026,4,text,0.16804987279825237,0.27436274192757004,0.15269356947957316,0.4103985115445291,0.22263432318282794
dev_0026,4,transition,0.1737792493002055,0.2841553617800241,0.1578360330531206,0.35473371628295075,0.18837298977085348
dev_0027,3,combined,0.18004751961209198,0.2861469001817356,0.17049857536082405,0.4283358190693618,0.388687988928942
dev_0027,3,demographics,0.18467393158897194,0.3214216239803735,0.17236663927374582,0.39780431265904925,0.35140486801306625
dev_0027,3,persistence,0.23853211009174313,0.5555555555555556,0.21,0.26377166156982673,0.21
dev_0027,3,population,0.18480260594204906,0.33242994740429255,0.17151614521044714,0.35585680487225635,0.3232435943488526
dev_0027,3,text,0.1802887672181207,0.29443956279548156,0.17001519561615824,0.41443647840581505,0.38954862951725067
dev_0027,3,transition,0.17482122874788877,0.16109720147236525,0.17605639120268587,0.47107398972674025,0.3452743862231216
dev_0028,3,combined,0.09589367517737846,0.25734533757497463,0.06606021582130091,0.34276921224836976,0.08832607433217189
dev_0028,3,demographics,0.10147063877569622,0.29632758127038855,0.06546446461906828,0.301274564371491,0.06888543823326432
dev_0028,3,persistence,0.14678899082568808,0.5882352941176471,0.06521739130434782,0.2767653285732077,0.06521739130434782
dev_0028,3,population,0.10103714922086834,0.295332310618009,0.06513478244096192,0.309368449617245,0.06808350389474462
dev_0028,3,text,0.09530700227169309,0.25576027239473154,0.0656580284446099,0.35269594962408096,0.08966593045337051
dev_0028,3,transition,0.09772779030627322,0.2920605007595025,0.06181848511382869,0.3033424938890472,0.09098187224795562
dev_0029,1,combined,0.061424362928492356,0.27002766691021607,0.03648266353937322,0.18000862279181026,0.09164332399626517
dev_0029,1,demographics,0.06596458983320862,0.2997519335710896,0.03801175525585328,0.0988715110995047,0.0574486301369863
dev_0029,1,persistence,0.0970873786407767,0.6363636363636364,0.03260869565217391,0.2369184213844408,0.03260869565217391
dev_0029,1,population,0.06724380614286202,0.30678793256433007,0.03860266059246909,0.08780112975285337,0.07151741293532338
dev_0029,1,text,0.06178052617604514,0.2744154834551243,0.03635678128398132,0.18122784046623844,0.11060191518467852
dev_0029,1,transition,0.05517659513053132,0.22572531657576772,0.03478490017512262,0.3442483660130719,0.06474156118143459
dev_0030,5,combined,0.13512237833754293,0.3080335150822229,0.09477644643045093,0.38430773056245726,0.4261446168535721
dev_0030,5,demographics,0.13705865600643738,0.3072373664786135,0.09735029022959628,0.3999411937024877,0.4600835945497385
dev_0030,5,persistence,0.21621621621621623,0.6190476190476191,0.12222222222222222,0.25950010160536474,0.12222222222222222
dev_0030,5,population,0.1381792946065158,0.31025634666505003,0.09802798245952446,0.3650602320573611,0.40250431612282944
dev_0030,5,text,0.1360248884925574,0.31139785465754116,0.09510452972072786,0.37756575960794936,0.43147498668889045
dev_0030,5,transition,0.13908184716115773,0.29221573195345735,0.10335060737628782,0.34156196179747406,0.3857500042711237
dev_0031,1,combined,0.07706516431944105,0.2737243258610359,0.06050439282120148,0.18562645084384213,0.10702559237812465
dev_0031,1,demographics,0.07879580929911563,0.29878496893396156,0.06027040638249702,0.1657531925794238,0.14262512613185807
dev_0031,1,persistence,0.10679611650485436,0.625,0.06315789473684211,0.18325242718446602,0.06315789473684211
dev_0031,1,population,0.07966616639130922,0.2995158365803789,0.06115250995433493,0.14531886115781678,0.1198737584702497
dev_0031,1,text,0.07737013247959504,0.27188897163564635,0.06098959865592757,0.16708712445559046,0.09702370549104716
dev_0031,1,transition,0.06819642006907327,0.176758175351525,0.059054377518972065,0.40237251736743923,0.12713964739753317
dev_0032,1,combined,0.04759215970943078,NA,0.04759215970943078,0.1616896551724138,0.1616896551724138
dev_0032,1,demographics,0.049546856105799446,NA,0.049546856105799446,0.10314668937619759,0.10314668937619759
dev_0032,1,persistence,0.04854368932038835,NA,0.04854368932038835,0.04854368932038835,0.04854368932038835
dev_0032,1,population,0.04987662288289699,NA,0.04987662288289699,0.13178168842754034,0.13178168842754034
dev_0032,1,text,0.04758965306386576,NA,0.04758965306386576,0.17235449735449737,0.17235449735449737
dev_0032,1,transition,0.046906472097591,NA,0.046906472097591,0.1035746927051275,0.1035746927051275
dev_0033,2,combined,0.09536017960014233,0.12929602034564316,0.09309779021710894,0.10636285708890793,0.10638652531021202
dev_0033,2,demographics,0.09016433011138585,0.12147438076504503,0.0880769934011419,0.14333742547424283,0.13944140251396678
dev_0033,2,persistence,0.14285714285714285,0.8571428571428571,0.09523809523809523,0.10227272727272728,0.09523809523809523
dev_0033,2,population,0.09090739995701225,0.12201772418392146,0.08883337834188496,0.11936610285237814,0.11602866457214284
dev_0033,2,text,0.09571805933784178,0.1308131008203834,0.09337838990567235,0.1023202951298068,0.10255739713540225
dev_0033,2,transition,0.09542969280948503,0.16429379587605106,0.0908387526050473,0.0966666098302925,0.09001168685134195
dev_0034,1,combined,0.08300160015806649,0.3632523494063148,0.05940153706347716,0.2679014669157399,0.11652342755283931
dev_0034,1,demographics,0.08932274049617678,0.38605154999461216,0.0643350512752559,0.13342789494412058,0.0641406185158249
dev_0034,1,persistence,0.0970873786407767,0.5,0.06315789473684211,0.25825242718446606,0.06315789473684211
dev_0034,1,population,0.08955581241434486,0.3832317426025231,0.06482520776691932,0.12898404115327916,0.0627280629581596
dev_0034,1,text,0.08300386833146545,0.36229868108596863,0.059484305152138865,0.27038651441093786,0.11939242363612111
dev_0034,1,transition,0.07837117349906715,0.27379610872813304,0.06191433684819844,0.3512134036956003,0.061438965174597356
dev_0035,3,combined,0.08470474492241054,0.3558558550438499,0.05731574390004292,0.3010721340128214,0.17714415543416911
dev_0035,3,demographics,0.08812636418730728,0.40897046120802144,0.0557178695387503,0.2759042050138586,0.2903986710963455
dev_0035,3,persistence,0.10091743119266056,0.5,0.06060606060606061,0.28231859883236027,0.06060606060606061
dev_0035,3,population,0.08918462201134074,0.41689170942479076,0.056082896009982154,0.16938563739767123,0.18777823110748446
dev_0035,3,text,0.08562415709278166,0.36336380989602846,0.05756964670861532,0.2459415332327831,0.2509686549999918
dev_0035,3,transition,0.08033405150548172,0.3321002746761051,0.05490311987208542,0.3320034093785706,0.17682400445558338
dev_0036,5,combined,0.15339566991688533,0.40299863055832363,0.09853787636931646,0.4468239258551544,0.17062647568896327
dev_0036,5,demographics,0.15883503070808835,0.43412765483871313,0.0983311572727862,0.42473427770063965,0.17599917875310125
dev_0036,5,persistence,0.16216216216216217,0.4,0.10989010989010989,0.41736281736281733,0.10989010989010989
dev_0036,5,population,0.1595547072862763,0.4369642374908375,0.09858557976879029,0.4029484892269522,0.15077433999173132
dev_0036,5,text,0.15367970170733344,0.40508806638738953,0.09842511606336507,0.4618246517597206,0.22015363309797423
dev_0036,5,transition,0.1306139415173869,0.27220689238414547,0.09949461165656083,0.5849923949319432,0.14587944920512838
dev_0037,3,combined,0.11691311860004132,0.19373768339507683,0.10559160378814135,0.3113492061317426,0.2077145717486534
dev_0037,3,demographics,0.11903094477188365,0.2190104807317712,0.10429711841990023,0.20401471478139527,0.14517017807070598
dev_0037,3,persistence,0.1926605504587156,0.7142857142857143,0.11578947368421053,0.17710790738313675,0.11578947368421053
dev_0037,3,population,0.11790420717288841,0.22018964215445833,0.10283056412297284,0.23029354459281268,0.18688296157735435
dev_0037,3,text,0.11642824755733448,0.194291255480982,0.104953699021218,0.3337953141103748,0.2157939651031663
dev_0037,3,transition,0.11365745613002305,0.1779027811870225,0.10418972401635997,0.32819820378102743,0.150670781393513
dev_0038,3,combined,0.08384957253195417,0.03271271781774944,0.09986834629784963,0.06752550531713765,0.09674429494518796
dev_0038,3,demographics,0.0707664391672203,0.01588579745597572,0.08795796548640535,0.10663353770797,0.1448398195356843
dev_0038,3,persistence,0.3119266055045872,1,0.0963855421686747,0.07339449541284404,0.0963855421686747
dev_0038,3,population,0.071861697628185,0.01718015983476421,0.08899085404540116,0.09443851131883252,0.12828001615945703
dev_0038,3,text,0.08471922734783251,0.033549788217640916,0.10074820828018168,0.06452950745178071,0.09129040834498844
dev_0038,3,transition,0.08693577640497173,0.0752528037628541,0.0905955027747917,0.061171018651892686,0.1065304375000396
dev_0039,4,combined,0.05862303059586431,0.008480904434513874,0.060648975087232,0.44776402364224377,0.449484181053199
dev_0039,4,demographics,0.05774086764472033,0.005857722630085722,0.05983715633218031,0.4416932696650979,0.4423268708982994
dev_0039,4,persistence,0.10679611650485436,1,0.0707070707070707,0.06796116504854369,0.0707070707070707
dev_0039,4,population,0.05727325709221784,0.006162956676054165,0.05933831973529516,0.47831133919843594,0.47889639959312086
dev_0039,4,text,0.05805740738049794,0.00847997050049116,0.060060536143326494,0.49661591909491065,0.49822068130734876
dev_0039,4,transition,0.057787572603447766,0.04523600834498019,0.0582947065128808,0.36563882383554513,0.5686930957336844
dev_0040,4,combined,0.027996629009391785,0.10418608649918455,0.0198042142255431,0.12037037037037036,0.2
dev_0040,4,demographics,0.026637853076360837,0.08856139430641992,0.019979407782806095,0.14761904761904762,0.2
dev_0040,4,persistence,0.0970873786407767,0.9,0.010752688172043012,0.05970873786407767,0.010752688172043012
dev_0040,4,population,0.02844855709824811,0.09408008950271979,0.02139140307626191,0.09226190476190475,0.14285714285714285
dev_0040,4,text,0.029449988829228675,0.10949241344873335,0.020843276504550753,0.08377659574468085,0.14285714285714285
dev_0040,4,transition,0.02772906496776605,0.13135372568674866,0.016586628331316307,0.08391608391608392,0.125
dev_0041,1,combined,0.06571952096412637,0.3417273573930895,0.03604125898251743,0.16265892641442473,0.17173913043478262
dev_0041,1,demographics,0.06330374003459127,0.3295423704138376,0.03467593031639275,0.19144680252717527,0.2108294930875576
dev_0041,1,persistence,0.08737864077669903,0.6,0.03225806451612903,0.2576976421636616,0.03225806451612903
dev_0041,1,population,0.06483169735675576,0.32937965356274834,0.03638568056041247,0.15616588445995438,0.1454780361757106
dev_0041,1,text,0.0667139111039532,0.3425885504732056,0.03704997138682928,0.14079342438205814,0.14814814814814814
dev_0041,1,transition,0.05761351651377712,0.29316895355761174,0.0322849748961605,0.29572311683294006,0.16962962962962963
dev_0042,1,combined,0.05141955272235526,0.05311739980816359,0.0510839317867885,0.08679176215940923,0.060694495189380096
dev_0042,1,demographics,0.04575889005289559,0.04820915589849173,0.04527453517644054,0.31037694013303774,0.26053921568627453
dev_0042,1,persistence,0.1941747572815534,0.9411764705882353,0.046511627906976744,0.05059965733866362,0.046511627906976744
dev_0042,1,population,0.04577603794651636,0.048165012696950234,0.04530379875166315,0.3307613694430251,0.26082145536384094
dev_0042,1,text,0.05135331560983591,0.05349782221185592,0.05092940151408777,0.08981315297808215,0.06592433388208035
dev_0042,1,transition,0.05611382978172812,0.11952819580240052,0.04357843184740916,0.12003573749187785,0.26648706896551727
dev_0043,2,combined,0.10495429812605502,0.1832933541031967,0.08792406856580681,0.16926339340923238,0.09583909453470593
dev_0043,2,demographics,0.10130028843646063,0.1877002707411693,0.08251768358761094,0.2102507120172219,0.11589814379549943
dev_0043,2,persistence,0.20535714285714285,0.75,0.08695652173913043,0.1675824175824176,0.08695652173913043
dev_0043,2,population,0.10133330945124472,0.187957640523128,0.08250193313127009,0.19550326047578795,0.10460994780734002
dev_0043,2,text,0.10527178855926117,0.1839846212442081,0.08816030319296836,0.16259560619749397,0.09020267209911467
dev_0043,2,transition,0.09596483522667579,0.17065903860301196,0.07972696492747228,0.3759124341629105,0.12803653743560675
dev_0044,2,combined,0.10948514202642386,0.09664690214982684,0.11008505977766672,0.3324169537010492,0.26659482225971154
dev_0044,2,demographics,0.11221262705447842,0.1266940405464757,0.11153592548943181,0.30490026915512813,0.24321810709874203
dev_0044,2,persistence,0.16071428571428573,0.8,0.1308411214953271,0.13833333333333334,0.1308411214953271
dev_0044,2,population,0.11220287466863603,0.12873924617105822,0.11143014702833592,0.2737392402002617,0.24737193657020395
dev_0044,2,text,0.1097750101747135,0.09769627655352187,0.11033943697944208,0.3345345199737445,0.26643606619567395
dev_0044,2,transition,0.11706380690816678,0.16229514793414582,0.11495019284153225,0.2176947656486605,0.20484321956683096
dev_0045,1,combined,0.10431849647405166,0.26993653002612616,0.07158004798119971,0.414006783354587,0.2241157079891848
dev_0045,1,demographics,0.11019140947419855,0.3054089225709665,0.071601901071349075,0.3356977779186803,0.20988263057448114
dev_0045,1,persistence,0.1650485436893204,0.5882352941176471,0.08139534883720931,0.2738435179897202,0.08139534883720931
dev_0045,1,population,0.11042055341416394,0.3043098146631053,0.07209360642309415,0.34584031435841467,0.24977769756555915
dev_0045,1,text,0.10377638999112122,0.2686420779150623,0.07118666098290032,0.42236669824652145,0.23643235071806498
dev_0045,1,transition,0.10643602725333372,0.2863538372260162,0.07087087877036159,0.39041278789172,0.2852864543731054
dev_0046,2,combined,0.04244093925840303,0.31773193644354175,0.018386386106303526,0.3245011737089202,NA
dev_0046,2,demographics,0.04151569352085822,0.3371544138587804,0.015683183976767927,0.11307283142389525,NA
dev_0046,2,persistence,0.044642857142857144,0.5555555555555556,0,0.4444444444444444,NA
dev_0046,2,population,0.03944333607058811,0.33086965094796583,0.013978900790040537,0.1385185185185185,NA
dev_0046,2,text,0.040631227926552355,0.31276557224108986,0.016852498811689858,0.3303921568627451,NA
dev_0046,2,transition,0.033906255701860795,0.31949973038824003,0.008951486069070376,0.5,NA
dev_0047,4,combined,0.04884090238858659,0.07434673188703314,0.046098340076925676,0.163993993993994,0.09583333333333333
dev_0047,4,demographics,0.04749995877287716,0.06726579221728315,0.04537460033799479,0.31535664054651397,0.11919191919191918
dev_0047,4,persistence,0.1262135922330097,0.9,0.043010752688172046,0.05883495145631068,0.043010752688172046
dev_0047,4,population,0.04895148178015127,0.07085567686431851,0.046596191986154785,0.19233870967741937,0.09701305220883534
dev_0047,4,text,0.04999374610638146,0.07662586604071427,0.047130077296238145,0.12338764774202365,0.06861015710761043
dev_0047,4,transition,0.04752183586094616,0.0901030428937462,0.042943211448817124,0.176196544419436,0.09822830852242617
dev_0048,4,combined,0.07207080684058897,0.3127497194726175,0.03730607501596264,0.37801157806132274,0.08750402576489533
dev_0048,4,demographics,0.0802530999607388,0.36047259811621984,0.03977695022716932,0.15924046631629213,0.07171052631578947
dev_0048,4,persistence,0.0970873786407767,0.5384615384615384,0.03333333333333333,0.3368185212845407,0.03333333333333333
dev_0048,4,population,0.08115313407466974,0.3636826986138355,0.04034330808567914,0.13680380528172573,0.06885090218423551
dev_0048,4,text,0.07222515206402842,0.3155213679418009,0.037082365326127964,0.40407310554369374,0.08791423001949317
dev_0048,4,transition,0.061425403942757834,0.23542334360524567,0.036292368213731815,0.5752553409585334,0.07314102564102563
dev_0049,1,combined,0.12598748147981875,0.24996330010062737,0.10318733092886545,0.19306757486420395,0.1613031394488127
dev_0049,1,demographics,0.12843436836496117,0.25141214587077026,0.10581776560527213,0.16565445285259628,0.11809165894305214
dev_0049,1,persistence,0.20388349514563106,0.6875,0.11494252873563218,0.20125404530744334,0.11494252873563218
dev_0049,1,population,0.12947621282440336,0.2521314764090892,0.10691892296974849,0.14792027524916868,0.10078813221762364
dev_0049,1,text,0.1264676896218031,0.2506175820340686,0.10363552550000717,0.1966743550304653,0.15533359590176138
dev_0049,1,transition,0.12195188367650432,0.20912609840722993,0.10591984418579616,0.2814150427637475,0.1151143337658728
dev_0050,3,combined,0.0714306615927906,0.1908923758009913,0.06067910731405253,0.5827639132660524,0.7280605423987777
dev_0050,3,demographics,0.07129064437615229,0.19950454386762434,0.059751393421919805,0.6077133063841925,0.8187581539465101
dev_0050,3,persistence,0.13761467889908258,0.7777777777777778,0.08,0.1178389398572885,0.08
dev_0050,3,population,0.07106393137369757,0.19821873298783912,0.05961999922842483,0.6033451410974348,0.7732371794871795
dev_0050,3,text,0.07094927553589812,0.1900957446699248,0.060226093313835716,0.5623636363636364,0.6933333333333334
dev_0050,3,transition,0.07125471707527793,0.18286713590874099,0.06120959938026625,0.4079632456180444,0.6913510101010101
train_0001,3,combined,0.09119588883812296,0.170157855697747,0.08233281092530803,0.16819528370188613,0.20369601464544704
train_0001,3,demographics,0.08710739989099345,0.1436966763073977,0.08075554233405012,0.23191958217741898,0.259297187760905
train_0001,3,persistence,0.1651376146788991,0.8181818181818182,0.09183673469387756,0.11562665857911897,0.09183673469387756
train_0001,3,population,0.08736115628679803,0.1411167147732095,0.08132736910975184,0.20646389973343468,0.1889383794046269
train_0001,3,text,0.09123629919423216,0.16876029444776317,0.08253462625761133,0.15976975602896495,0.18187396915235918
train_0001,3,transition,0.09254548510774914,0.16901661913001811,0.0839619904725965,0.18750577987566874,0.1642641747974695
train_0002,5,combined,0.07947963855397576,0.3405835743651274,0.047830676637472536,0.514098353882067,0.19285166240409207
train_0002,5,demographics,0.08336142676908749,0.3833748188348859,0.0469961671247483,0.4676915481492946,0.2306746427384513
train_0002,5,persistence,0.09009009009009009,0.4166666666666667,0.050505050505050504,0.3853228228228229,0.050505050505050504
train_0002,5,population,0.08513245895098447,0.3920212697555393,0.04793381521709904,0.4789785829830827,0.1880599647266314
train_0002,5,text,0.08034483241108954,0.3445267602084977,0.04832278055685825,0.5263124789369693,0.1867487755690003
train_0002,5,transition,0.06147512229070264,0.18418626296160825,0.046601044633623176,0.7260903208793235,0.17316666666666666
train_0003,2,combined,0.07605000525873201,0.28140391265711173,0.05810645995207748,0.3349788325369721,0.4073583105136503
train_0003,2,demographics,0.07599640335553895,0.2960643935089011,0.05676716149747817,0.387949882949883,0.5096469356973559
train_0003,2,persistence,0.11607142857142858,0.6666666666666666,0.06796116504854369,0.16249999999999998,0.06796116504854369
train_0003,2,population,0.07460305213092529,0.2887673657995019,0.05588966549969044,0.3998567977915804,0.5204452063645213
train_0003,2,text,0.07470401485845203,0.27713300919949607,0.057016044479137495,0.35989694440569814,0.4318964535300542
train_0003,2,transition,0.06788363207040003,0.21426023690156595,0.05509344329874476,0.45826546003016594,0.5118426073473266
train_0004,4,combined,0.0865470320567667,0.14477230407952668,0.08028625011883553,0.17788890553958975,0.12901707335904744
train_0004,4,demographics,0.08706192799124195,0.1434767940311755,0.0809958133632921,0.17848855594798257,0.11910922113127996
train_0004,4,persistence,0.1553398058252427,0.8,0.08602150537634409,0.11766990291262136,0.08602150537634409
train_0004,4,population,0.08706280060063007,0.14596851973303498,0.08072885230682308,0.23166534308681194,0.1267737070131838
train_0004,4,text,0.08641450146827183,0.14599997194221717,0.08000746163236372,0.17375511081141873,0.12839040979925181
train_0004,4,transition,0.08232631113502835,0.10639655925715555,0.07973811241221897,0.3138497642628448,0.11706561412443765
train_0005,4,combined,0.12239015087338281,0.10599432085310935,0.12340432592618324,0.3786006498834798,0.3456101484104821
train_0005,4,demographics,0.12249364761408911,0.11704854337401979,0.12283045818563978,0.4330161412944366,0.4200106384267482
train_0005,4,persistence,0.1941747572815534,0.8333333333333334,0.15463917525773196,0.1560477346278317,0.15463917525773196
train_0005,4,population,0.12203837799917075,0.12082545683679898,0.12211340405045147,0.4365605557743633,0.42127950225177385
train_0005,4,text,0.12156659385527759,0.10691618221091281,0.12247280488482593,0.37934333720635594,0.3597629419004993
train_0005,4,transition,0.12680639902186058,0.1341781648834096,0.12635041350465137,0.3388764500513917,0.44355371200943716
train_0006,4,combined,0.06414912563527973,0.03307843441668825,0.0667656048957927,0.0760619193706485,0.08924609810479375
train_0006,4,demographics,0.05741927327983785,0.030628070818252334,0.059675374539760837,0.119267538017538,0.14925058838102317
train_0006,4,persistence,0.13592233009708737,1,0.06315789473684211,0.05825242718446602,0.06315789473684211
train_0006,4,population,0.057273257092217845,0.03170209482658848,0.05942661812511295,0.1324404761904762,0.16590273437564076
train_0006,4,text,0.06432195000511834,0.03378244617348953,0.06689369769620286,0.07392026860713737,0.08733964764623495
train_0006,4,transition,0.062321985436600745,0.09198240537346916,0.05982426586296972,0.08766422748436606,0.11351726766166864
train_0007,5,combined,0.11575749796421195,0.2663724414327726,0.09222391304724933,0.3938714523470403,0.19307550156814865
train_0007,5,demographics,0.11954162142819354,0.2939585812529329,0.092288971455578,0.30702444795448447,0.17761391454349074
train_0007,5,persistence,0.17117117117117117,0.6,0.10416666666666667,0.24009009009009008,0.10416666666666667
train_0007,5,population,0.12038510289928059,0.2928790041536463,0.09343293082828595,0.2974993521112473,0.1520630243749259
train_0007,5,text,0.11620749901232141,0.2654568726861286,0.09288728437578904,0.3888784497564153,0.17957998718405666
train_0007,5,transition,0.1091053015129637,0.22337495826987835,0.09125066764469578,0.4726221510669871,0.2170320688083846
train_0008,3,combined,0.07701432090005497,0.3825653542160244,0.06232436737524875,0.6180538277789863,0.4430789720173282
train_0008,3,demographics,0.08199397974186488,0.45728274252514034,0.06395125076189973,0.37675638339624806,0.38946003943262714
train_0008,3,persistence,0.09174311926605505,0.4,0.07692307692307693,0.23703085904920768,0.07692307692307693
train_0008,3,population,0.08348629162214477,0.48029975695382127,0.06440872117350648,0.33543789742952423,0.3721190794964529
train_0008,3,text,0.07774198081720837,0.39663731989804457,0.0624104741306297,0.5509007827189646,0.4846938050582552
train_0008,3,transition,0.07090151068271174,0.21258918580339442,0.06408960322498661,0.6054208046855105,0.4596391665390993
train_0009,4,combined,0.060756507199662746,0.15807012076003882,0.034325649195609986,0.1414553750952256,0.05661881977671451
train_0009,4,demographics,0.05863087410903528,0.15633694726564765,0.03209342214057266,0.10321034803028308,0.03365384615384615
train_0009,4,persistence,0.1941747572815534,0.8181818181818182,0.024691358024691357,0.14062959694027655,0.024691358024691357
train_0009,4,population,0.058720522363881596,0.1549980535262739,0.032571069455577514,0.10921717171717171,0.03137065637065637
train_0009,4,text,0.0604513359290249,0.1560995833224081,0.03447279959995786,0.13751618751618752,0.05625
train_0009,4,transition,0.059737739672615434,0.1735477617693423,0.02882637564634393,0.19646817275925257,0.03707482993197279
train_0010,3,combined,0.05394348781271505,0.37538204223300264,0.021474946962180955,0.3432103610675039,0.025
train_0010,3,demographics,0.05970312717232142,0.42453431481749787,0.022851492056647035,0.18696566213916405,0.010752688172043012
train_0010,3,persistence,0.045871559633027525,0.4,0.010101010101010102,0.5234600262123197,0.010101010101010102
train_0010,3,population,0.06183263614320011,0.44352648431773467,0.023277701984156213,0.12605029308830096,0.010101010101010102
train_0010,3,text,0.054530672543022074,0.38495984191702765,0.02115398876787,0.33381396036675537,0.027777777777777776
train_0010,3,transition,0.04241982615000979,0.2819363814453017,0.018226234706040907,0.6005970220255934,0.011363636363636364
train_0011,1,combined,0.0659884589155075,0.3115926277662358,0.05079644847113256,0.09195285720165335,0.10318504390793548
train_0011,1,demographics,0.06594228202661997,0.29929787495881266,0.05150791545349465,0.11642604928319214,0.1363264516752889
train_0011,1,persistence,0.08737864077669903,0.6666666666666666,0.05154639175257732,0.1437817845584836,0.05154639175257732
train_0011,1,population,0.06627896262841951,0.29547149672723533,0.05210210484911132,0.10655001596536737,0.12231752484152059
train_0011,1,text,0.06627599079125357,0.3111122174399516,0.051131481926385655,0.09125374440989059,0.10156462585034014
train_0011,1,transition,0.06470069594499799,0.2998264674555539,0.05015683378970587,0.11703830263591736,0.09341269841269842
train_0012,3,combined,0.09969759543739427,0.13789681591793412,0.09667191460725251,0.3079763371700701,0.19637331981264983
train_0012,3,demographics,0.09911552835293434,0.1690491303169141,0.09357623314786663,0.2768922957128844,0.220592172658995
train_0012,3,persistence,0.1559633027522936,0.75,0.10891089108910891,0.13937896965419902,0.10891089108910891
train_0012,3,population,0.10001144975081308,0.17602523050808225,0.09399055622548483,0.25949506080000584,0.21101789468113288
train_0012,3,text,0.10043836196134186,0.14244869405041125,0.09711081090478191,0.29715642089425875,0.1873580399844066
train_0012,3,transition,0.09843540502084158,0.13318806675571856,0.09568271894283152,0.33372952036831977,0.21167774642080892
train_0013,3,combined,0.08196915168504292,0.24337777124383517,0.06918431053187125,0.3424062679744498,0.23338280214437657
train_0013,3,demographics,0.08764618498356519,0.27486419470901513,0.07281703569838104,0.271568529509706,0.16021342393072044
train_0013,3,persistence,0.11926605504587157,0.625,0.07920792079207921,0.1756672226855713,0.07920792079207921
train_0013,3,population,0.0883868557568533,0.27427568380849504,0.07366298818840643,0.24623092222214282,0.13381297303006354
train_0013,3,text,0.08241979520476088,0.24280009543333225,0.0697164050876463,0.3301988848023231,0.21542389391654096
train_0013,3,transition,0.086831604674604,0.24412439446930648,0.07437276983938004,0.2618985047945877,0.10713647234957954
train_0014,1,combined,0.06718930962017648,0.39232523911828965,0.03605927381716565,0.2948087443546745,0.0673076923076923
train_0014,1,demographics,0.06805557428120963,0.40151869653047123,0.0361282540658548,0.27658124529504013,0.06715506715506715
train_0014,1,persistence,0.06796116504854369,0.4444444444444444,0.031914893617021274,0.3763484358144552,0.031914893617021274
train_0014,1,population,0.06796743877869389,0.3926642490644651,0.036879446304524305,0.2903649740090418,0.08390926811979443
train_0014,1,text,0.06674466331237658,0.3841712329212174,0.036352757711530126,0.31422513884470404,0.08046398046398046
train_0014,1,transition,0.05154269909586168,0.24807547047746925,0.03272573162315457,0.6946510110893672,0.1145260989010989
train_0015,1,combined,0.15397376457979636,0.19606821560201376,0.1522729786799088,0.34438844665861634,0.3441187317929696
train_0015,1,demographics,0.15172895251020488,0.20595337929311974,0.14953806657958205,0.34619660449691736,0.34875247286676087
train_0015,1,persistence,0.20388349514563106,0.75,0.18181818181818182,0.18791517629024018,0.18181818181818182
train_0015,1,population,0.15130579733866495,0.20584661085606265,0.14910212810563878,0.3399588868333339,0.3433970235234204
train_0015,1,text,0.15408663031683797,0.19515241962825666,0.1524274065062756,0.3440677227765226,0.34348636965787666
train_0015,1,transition,0.157351451098485,0.25058036420091295,0.15358462632666972,0.2999088219706397,0.35897892291715683
train_0016,2,combined,0.07400588371531021,0.04906456687605795,0.07445936220329662,0.14932912240301696,0.16316104387492728
train_0016,2,demographics,0.07446445035134984,0.046606853615169544,0.07497095211018949,0.1660854104839954,0.18259269904077388
train_0016,2,persistence,0.09821428571428571,1,0.08181818181818182,0.08035714285714286,0.08181818181818182
train_0016,2,population,0.07282842923828997,0.04703715134446974,0.07329736156363216,0.17038860307165477,0.18384086151943294
train_0016,2,text,0.07302895856555112,0.05202405601699106,0.07341086588461584,0.15665316252587516,0.17186969830866097
train_0016,2,transition,0.07356044216941376,0.07441574709029947,0.07354489117085221,0.14564659193504914,0.16395768866687108
train_0017,1,combined,0.0228208902285212,0.06000287893349808,0.02170543056737189,0.013513513513513514,0.014084507042253521
train_0017,1,demographics,0.021340916178314063,0.039143041224032345,0.020806852426942517,0.015873015873015872,0.01639344262295082
train_0017,1,persistence,0.038834951456310676,1,0.01,0.009708737864077669,0.01
train_0017,1,population,0.022499188160591013,0.03421614392448851,0.02214767948767409,0.015151515151515152,0.015625
train_0017,1,text,0.023156581995694963,0.055837133541068854,0.02217616544933375,0.013513513513513514,0.014084507042253521
train_0017,1,transition,0.018894077913522964,0.09759382592193075,0.01653308547327073,0.024390243902439025,0.02631578947368421
train_0018,5,combined,0.2015921625865255,0.47117291001965644,0.1719382803688811,0.36633614671417747,0.3212212488181671
train_0018,5,demographics,0.20793612601610448,0.5224889026837335,0.1733353205826653,0.33201378974237944,0.3085120687316654
train_0018,5,persistence,0.22522522522522523,0.36363636363636365,0.21,0.3482800982800983,0.21
train_0018,5,population,0.2064463193952797,0.5228991235607493,0.17163651093707805,0.31912163356575796,0.29791216496022016
train_0018,5,text,0.20158520973116884,0.47418250653429905,0.1715995070828245,0.36324515471033775,0.31838422067475824
train_0018,5,transition,0.19739175767297562,0.377331725020054,0.177598361264797,0.45025358142526134,0.3292058430252277
train_0019,5,combined,0.046752715281699775,0.18640192086450233,0.0359061750422588,0.10837173579109063,0.026597241767520406
train_0019,5,demographics,0.04923555618421754,0.20859525175476554,0.03685810410106818,0.06503225117056206,0.029427155477575646
train_0019,5,persistence,0.08108108108108109,0.75,0.02912621359223301,0.12702702702702703,0.02912621359223301
train_0019,5,population,0.05055129393503685,0.22043902627213458,0.037356130258369064,0.054359490274983234,0.0378066378066378
train_0019,5,text,0.047227307152321395,0.1922187953160337,0.03596583234348937,0.08646616973691777,0.02712418300653595
train_0019,5,transition,0.04406491128580553,0.18311515319233687,0.03326489249694873,0.33800939841666316,0.034552343299563464
train_0020,4,combined,0.12445454380656369,0.26691211330139014,0.10913652558131354,0.22989510585708633,0.24494425166775
train_0020,4,demographics,0.12621210204695096,0.267082115502822,0.11106478877212611,0.20639822600904872,0.22563910211960117
train_0020,4,persistence,0.18446601941747573,0.7,0.12903225806451613,0.17650485436893204,0.12903225806451613
train_0020,4,population,0.12674199013207793,0.26461363373326646,0.11191708221797164,0.1839544437710739,0.19092468759221934
train_0020,4,text,0.12485003254092766,0.26485579463683195,0.10979564951986269,0.22134519226337923,0.23842798114224426
train_0020,4,transition,0.12852269162650554,0.27845378824689837,0.11240106833399018,0.22442848172141702,0.2142944313891208
train_0021,1,combined,0.11784159456799007,0.3266887588793779,0.07655785278550642,0.44259559372328133,0.12532041461261062
train_0021,1,demographics,0.12099929974595745,0.34832698859309014,0.07606243102036145,0.3041646644542164,0.11305477288449424
train_0021,1,persistence,0.1553398058252427,0.5294117647058824,0.08139534883720931,0.3189415572054064,0.08139534883720931
train_0021,1,population,0.1222398864660846,0.3533139153582038,0.07656246215020056,0.24380493935869907,0.09637437386951223
train_0021,1,text,0.11834469197172182,0.32865351871278015,0.0767720169182568,0.4275783272017181,0.11623637202905496
train_0021,1,transition,0.10148544265912511,0.22889816987249406,0.07629920588438939,0.5487898384900504,0.1036028988397867
train_0022,4,combined,0.10083547938908975,0.45253727512293157,0.04551160140848542,0.3308581372425061,0.17980480480480482
train_0022,4,demographics,0.09980259145400376,0.44842829738460727,0.04496259276829086,0.3736870034015151,0.1663095238095238
train_0022,4,persistence,0.08737864077669903,0.35714285714285715,0.0449438202247191,0.48388989651125575,0.0449438202247191
train_0022,4,population,0.10201787507448884,0.46049121782118196,0.04562880992332363,0.33273002339554175,0.12769494371822804
train_0022,4,text,0.10200799386212248,0.46189544393432425,0.045396484862000853,0.3194719200199146,0.1589975845410628
train_0022,4,transition,0.08516498217585684,0.3566812365285216,0.0424545601428534,0.5805615952674776,0.2224242424242424
train_0023,2,combined,0.130591697137245,0.2894629971339005,0.10602397033363846,0.3689467856923061,0.25097385165841124
train_0023,2,demographics,0.13404497719195937,0.3025125856611253,0.10799328516064505,0.30886044144750424,0.2026167950649424
train_0023,2,persistence,0.1875,0.6,0.12371134020618557,0.24047619047619045,0.12371134020618557
train_0023,2,population,0.13327652151868039,0.2976730578809974,0.10785437672038395,0.3056435518752997,0.1950793592541527
train_0023,2,text,0.1308852335222732,0.2882982474005028,0.10654301488130984,0.37226087266770025,0.2510546258616777
train_0023,2,transition,0.12864856657328286,0.2580039731659951,0.10864515318265723,0.3224669467163682,0.20152977782887183
train_0024,2,combined,0.05241731812851111,0.37133777922490246,0.027884974967250235,0.1293494629096565,0.042727272727272725
train_0024,2,demographics,0.05590813954421884,0.41766211106373025,0.028080910965794886,0.07566760358801437,0.048642533936651584
train_0024,2,persistence,0.05357142857142857,0.5,0.019230769230769232,0.35119047619047616,0.019230769230769232
train_0024,2,population,0.058409618235628034,0.42777091933181594,0.0299972104589982,0.05713955026455026,0.03954175905395418
train_0024,2,text,0.05325598151446984,0.3765797207464124,0.02838492465047426,0.11173372152276574,0.03610930383864672
train_0024,2,transition,0.04294831363723167,0.2717888257338702,0.02534519732210563,0.4709450830140485,0.03785714285714285
train_0025,4,combined,0.1601705381868756,0.4407093873427392,0.12317640423225622,0.3399264831721043,0.294497903766439
train_0025,4,demographics,0.15468052174526314,0.4530872753141924,0.11533018061529446,0.38929264044450723,0.36991591967201726
train_0025,4,persistence,0.17475728155339806,0.4166666666666667,0.14285714285714285,0.33038025889967637,0.14285714285714285
train_0025,4,population,0.15532547924743703,0.4527892442421203,0.11609948825912716,0.3594736624556152,0.32465869842425443
train_0025,4,text,0.1610663808398509,0.4416527428298463,0.1240659814565548,0.3370741505575371,0.2925980319197452
train_0025,4,transition,0.14568829234455408,0.36068753779101365,0.11733674349447151,0.5331656402172706,0.37793535357594393
train_0026,3,combined,0.06690609223288485,0.5069660010389719,0.0586806733766963,0.07060192825671918,0.07135149401563408
train_0026,3,demographics,0.06586710548712492,0.4329828153095088,0.05900512960259438,0.07187571177609954,0.06763600198428153
train_0026,3,persistence,0.06422018348623854,0.5,0.056074766355140186,0.12647444298820446,0.056074766355140186
train_0026,3,population,0.06627733384677295,0.4205952702442035,0.05965456868046584,0.07337806340028197,0.06646715893375962
train_0026,3,text,0.06704632219204773,0.5026058874587457,0.05890502190668889,0.0710098518177446,0.07183039183039183
train_0026,3,transition,0.06481317615449918,0.5263779703532514,0.056185796823681376,0.07082039128489262,0.07061566439145506
train_0027,2,combined,0.0822951271838056,0.29580546777228756,0.054258415793398886,0.42308655671750905,0.27300722392622195
train_0027,2,demographics,0.08397448808584271,0.31139888895043055,0.05411067787130087,0.47284723101910753,0.24892167011732227
train_0027,2,persistence,0.11607142857142858,0.5384615384615384,0.06060606060606061,0.28434065934065933,0.06060606060606061
train_0027,2,population,0.08525078948673717,0.3154177040890517,0.05502685120562517,0.45343944351619786,0.23257543257543256
train_0027,2,text,0.08299761618193856,0.29870757833864364,0.054672065595704554,0.4224357170204124,0.26127492877492875
train_0027,2,transition,0.07906670756708832,0.26352427608409507,0.05484500665071369,0.49795995221781814,0.19934814289652997
train_0028,5,combined,0.06434843997590445,0.19115102672125947,0.05449969537432347,0.20755042059389886,0.17793823823235588
train_0028,5,demographics,0.06766819791426452,0.2104523704783857,0.05657816509375025,0.14008759880470406,0.13376190086716402
train_0028,5,persistence,0.10810810810810811,0.75,0.05825242718446602,0.11655405405405406,0.05825242718446602
train_0028,5,population,0.0681216593314892,0.2117105821534663,0.05696912163657836,0.13655753968253967,0.1376848979526552
train_0028,5,text,0.06437153750435551,0.1917153542365856,0.05448075562224055,0.2065805571240354,0.17835406256458888
train_0028,5,transition,0.06288792278265785,0.14644594125968574,0.05639797959997608,0.24591497226271888,0.09601218894099049
train_0029,3,combined,0.04331943872117049,0.025191229949161932,0.04419098721982475,0.18566701497735982,0.21102821316614423
train_0029,3,demographics,0.044608613213846945,0.011151593064961813,0.046217123797927966,0.16718334297281667,0.16872180451127822
train_0029,3,persistence,0.09174311926605505,1,0.04807692307692308,0.045871559633027525,0.04807692307692308
train_0029,3,population,0.046447144092371,0.0109814436171444,0.04815222584598766,0.14097422238983037,0.14293410293410294
train_0029,3,text,0.04392043788223245,0.023177678558961873,0.04491768592662046,0.17029683529683531,0.19031385281385282
train_0029,3,transition,0.04992743624115624,0.07939904434727646,0.04851053200528507,0.06811174292181185,0.08214482649966522
train_0030,5,combined,0.0909735024747911,0.10510077539185732,0.09002262833614241,0.24228369870774932,0.22828875580173727
train_0030,5,demographics,0.09278783387429627,0.11570027739989898,0.09124565017545763,0.21078406829502372,0.20513705934075038
train_0030,5,persistence,0.15315315315315314,0.8571428571428571,0.10576923076923077,0.111003861003861,0.10576923076923077
train_0030,5,population,0.09341403244994928,0.1195376611352075,0.09165571128844151,0.19933746651999718,0.19578661431844804
train_0030,5,text,0.09106858635197031,0.10736580837521084,0.08997165794655988,0.2644998684005776,0.2522801288749565
train_0030,5,transition,0.09320321310680005,0.1096982200491688,0.09209297225490985,0.26101221404763,0.23869144663147543
train_0031,4,combined,0.0845072777271514,0.24724036196922833,0.05233910991185712,0.2708422578369274,0.08304921107800949
train_0031,4,demographics,0.08405849502191592,0.2634222568655995,0.04860286768072265,0.2887913773177403,0.1240136540446138
train_0031,4,persistence,0.14563106796116504,0.6470588235294118,0.046511627906976744,0.2505996573386636,0.046511627906976744
train_0031,4,population,0.08332403198216538,0.25955391608439216,0.04848789210149264,0.28110491384492087,0.10737179487179488
train_0031,4,text,0.08417898882011597,0.24569513824098074,0.05225137788808456,0.2800542286123682,0.07986581920903954
train_0031,4,transition,0.07356354414096776,0.21840659494351222,0.04493177828465083,0.4330518199226099,0.13863451363451362
train_0032,2,combined,0.09378911195646393,0.1481719509563293,0.08664793107769374,0.21014118315343286,0.3116397650150511
train_0032,2,demographics,0.0949074654382173,0.13575424597794752,0.08954374678148506,0.17185431994094275,0.18559855500418115
train_0032,2,persistence,0.1875,0.8461538461538461,0.10101010101010101,0.11492673992673993,0.10101010101010101
train_0032,2,population,0.0934584203651755,0.13451893771904574,0.08806663525810164,0.19189279044411664,0.20629905938090082
train_0032,2,text,0.09318471574533306,0.1466335962545186,0.08616617588049051,0.21817057673407028,0.3198347287633002
train_0032,2,transition,0.09334878215185113,0.15013527032612636,0.08589197057341096,0.23333400571330046,0.2951445501247476
train_0033,4,combined,0.0396730308113016,0.5065394682017373,0.02080974041168803,0.18154761904761904,0.019230769230769232
train_0033,4,demographics,0.04431733672071441,0.5719455112269255,0.02299902663965538,0.07158695743254567,0.01639344262295082
train_0033,4,persistence,0.019417475728155338,0.25,0.010101010101010102,0.5722087378640777,0.010101010101010102
train_0033,4,population,0.04629816211543439,0.5926951120712936,0.02422151767277341,0.049776034151034154,0.0136986301369863
train_0033,4,text,0.04024627691110005,0.5186424974017301,0.020917136689256405,0.1567540322580645,0.017241379310344827
train_0033,4,transition,0.03003781708578759,0.31893162784713053,0.018365339883309087,0.5717532467532468,0.0196078431372549
train_0034,1,combined,0.09759384591597967,0.31249182580751284,0.0744865362502234,0.3075845552123962,0.2303634408717497
train_0034,1,demographics,0.09736887681921047,0.32028952717963594,0.07339891441486364,0.30438069186019584,0.24676685891748004
train_0034,1,persistence,0.13592233009708737,0.6,0.08602150537634409,0.21100323624595468,0.08602150537634409
train_0034,1,population,0.09715395509057956,0.31996643648007406,0.07319562375837584,0.28819063964517544,0.2909103967927497
train_0034,1,text,0.09742007877020578,0.3137580413507708,0.07415793225616653,0.30126603469031144,0.21998840044614693
train_0034,1,transition,0.09315530133446817,0.27263296187649,0.07385662815790668,0.3706375081311746,0.2493702264667597
train_0035,2,combined,0.09403207971266073,0.23295021427047938,0.07418663191868663,0.31396764235393,0.15656271745571587
train_0035,2,demographics,0.09830961366235903,0.2502148433585535,0.07660886656290268,0.28425248269434544,0.13377665239652092
train_0035,2,persistence,0.15178571428571427,0.6428571428571429,0.08163265306122448,0.2087912087912088,0.08163265306122448
train_0035,2,population,0.10177696517440354,0.2582503430753884,0.07942362547426285,0.20319028498973554,0.10330236261171134
train_0035,2,text,0.09610206604441687,0.23835960375464477,0.07577956065724147,0.28161919741936187,0.1257181520504825
train_0035,2,transition,0.09601446884820586,0.22924868497584525,0.07698100940140024,0.2771341504991969,0.09516862779817961
train_0036,5,combined,0.08420446930214448,0.28229376481003504,0.06459166776670976,0.43555240236503484,0.36787838598183425
train_0036,5,demographics,0.08333010849206264,0.2809917318904542,0.06375965072984566,0.469502081474973,0.4936623292727944
train_0036,5,persistence,0.12612612612612611,0.6,0.07920792079207921,0.20540540540540542,0.07920792079207921
train_0036,5,population,0.08367758793089607,0.2844816943790749,0.06379599323305657,0.5084395542728876,0.5113031914893617
train_0036,5,text,0.08435978838411705,0.2850191571420973,0.06449252415065365,0.43940655329429146,0.3838216471028971
train_0036,5,transition,0.0815347980731934,0.25217810698998444,0.06463942095271903,0.4668887538292909,0.5243460801650457
train_0037,4,combined,0.06134951385132473,0.1140331145682281,0.05568461054843189,0.07241317274179232,0.08562583654151316
train_0037,4,demographics,0.06264944943021439,0.10995564258665673,0.057562761994037794,0.05844152931119985,0.05988655303266458
train_0037,4,persistence,0.13592233009708737,0.9,0.053763440860215055,0.06521035598705502,0.053763440860215055
train_0037,4,population,0.06125323658929316,0.10494386790633078,0.05655531924337513,0.07172619047619047,0.0706414153222664
train_0037,4,text,0.060307941956947234,0.110721315653624,0.05488714908633683,0.08060644034328245,0.10044237207077954
train_0037,4,transition,0.06801936040694144,0.19234235386435802,0.054651296594315994,0.0715647465342387,0.05761815280293818
train_0038,1,combined,0.07875275648256254,0.13837401192604196,0.07162412811432042,0.17040637016208057,0.11986619088182118
train_0038,1,demographics,0.0816083193451147,0.15410979791636945,0.07293966429855163,0.12535722779783898,0.11453866453308287
train_0038,1,persistence,0.1553398058252427,0.8181818181818182,0.07608695652173914,0.10836520545258409,0.07608695652173914
train_0038,1,population,0.08207827517741548,0.149779399644374,0.07398357551288783,0.11355689818468596,0.09772274881438377
train_0038,1,text,0.07878516782217208,0.1347984103174076,0.07208793230643741,0.16507612710130853,0.11032313036412997
train_0038,1,transition,0.07803859116038597,0.1361261646395998,0.0710933378096104,0.24868055599187674,0.10622380265237408
train_0039,2,combined,0.11401888646578123,0.24881305070457527,0.0847158072834347,0.24082334079164924,0.10480696908392986
train_0039,2,demographics,0.11331351780913419,0.26215174188410933,0.08095738214066132,0.2842552299776797,0.1314441676220713
train_0039,2,persistence,0.1875,0.65,0.08695652173913043,0.23476190476190475,0.08695652173913043
train_0039,2,population,0.11431023935364046,0.26082519964507545,0.08245916102941546,0.22845154061192932,0.10993906106350282
train_0039,2,text,0.11477116318887373,0.24820325203391008,0.08576418735299626,0.22562007030666656,0.09272398399014778
train_0039,2,transition,0.10770858048531946,0.23082935206091443,0.08094319536019012,0.3430177557488297,0.10976040248137461
train_0040,3,combined,0.16332556734990578,0.6816246478290531,0.12775602261114077,0.3179882746614693,0.2922607669708821
train_0040,3,demographics,0.16758274339051768,0.6957393773370956,0.13133669988437996,0.2908856011017937,0.26735052671503845
train_0040,3,persistence,0.1559633027522936,0.14285714285714285,0.1568627450980392,0.3805552245919218,0.1568627450980392
train_0040,3,population,0.16634001548105412,0.6950996709783022,0.13005258814300769,0.2869488204922543,0.2692461786051733
train_0040,3,text,0.1623873338896964,0.6809742739285894,0.1267980340831057,0.32934497872966806,0.2994696293553967
train_0040,3,transition,0.15584256653292927,0.4957809307379631,0.1325134631070936,0.5173621055475969,0.28022494929185354
train_0041,4,combined,0.10125889623690461,0.4548434133119808,0.03623185861390208,0.4963285320890176,0.1736111111111111
train_0041,4,demographics,0.11223025640353947,0.49847015007207424,0.04119763228059054,0.2821497996467984,0.06365239698573032
train_0041,4,persistence,0.07766990291262135,0.3125,0.034482758620689655,0.5693047850208044,0.034482758620689655
train_0041,4,population,0.11251054829405105,0.4997154816558003,0.04130044560683279,0.28099439922596603,0.07828282828282829
train_0041,4,text,0.10103299150041255,0.45513399318417663,0.03591096820224903,0.5195155775934306,0.18472222222222223
train_0041,4,transition,0.08178772304743825,0.32423129259543954,0.03720039991217366,0.7175561160991514,0.07083333333333333
train_0042,1,combined,0.03439941903392181,0.015393569734065285,0.03621912800943999,0.3643578643578643,0.367826345524829
train_0042,1,demographics,0.034626631229308556,0.012495639340326867,0.036745555984636594,0.35161030595813203,0.3536119787793148
train_0042,1,persistence,0.11650485436893204,1,0.031914893617021274,0.02912621359223301,0.031914893617021274
train_0042,1,population,0.035042153848343534,0.01288637698305535,0.03716345163331793,0.35580524344569286,0.35772357723577236
train_0042,1,text,0.03435546769211229,0.015009079938362344,0.03620778141321601,0.36535272356167875,0.369047619047619
train_0042,1,transition,0.03465586080530676,0.05224644326141934,0.03297165610206194,0.10436330518297732,0.3572649572649573
train_0043,4,combined,0.08923748425967062,0.29352016790368474,0.07203473195280628,0.1515509260469085,0.10786420450711523
train_0043,4,demographics,0.092015375509214,0.3179935522964799,0.07298563430607581,0.11257912585530125,0.10171044142547249
train_0043,4,persistence,0.11650485436893204,0.625,0.07368421052631578,0.18046116504854368,0.07368421052631578
train_0043,4,population,0.09104278009770539,0.32135141391150035,0.07164836882917529,0.11620029542437936,0.11839680981139278
train_0043,4,text,0.08796016902360634,0.29337109658980676,0.07066240670224211,0.15772400358049815,0.12048914726260264
train_0043,4,transition,0.08358231604637538,0.2504070935141122,0.0695339137333028,0.30347521041513537,0.1187571541981573
train_0044,5,combined,0.09165949249122438,0.36903105911382555,0.03437623416699152,0.2665307875364957,0.15604395604395604
train_0044,5,demographics,0.09924615211154138,0.3959923078473991,0.037961619948701196,0.13756359874376226,0.07623769009178
train_0044,5,persistence,0.11711711711711711,0.5263157894736842,0.03260869565217391,0.38229018492176386,0.03260869565217391
train_0044,5,population,0.10091221386117416,0.39985614183988194,0.039173793952528,0.12691138719364525,0.06301476301476301
train_0044,5,text,0.09215162226900268,0.3700947301498678,0.03475032825012837,0.23490176454261286,0.13030303030303028
train_0044,5,transition,0.07667525828942663,0.2772978935375565,0.03524232274905198,0.5344209545797567,0.060281385281385276
train_0045,1,combined,0.16199474772682124,0.35115418627233536,0.1322393304275269,0.27299703758913396,0.1394800170516724
train_0045,1,demographics,0.16161972061120985,0.36719008545180665,0.1292828092879699,0.2918320382184928,0.16527125323217284
train_0045,1,persistence,0.1941747572815534,0.5,0.14606741573033707,0.3012135922330097,0.14606741573033707
train_0045,1,population,0.16119544336170058,0.36761561227245426,0.12872485499371686,0.2839780795650461,0.17191370993999835
train_0045,1,text,0.1620970013650241,0.351055106528643,0.13237325448535373,0.26827868571515523,0.13923449730084064
train_0045,1,transition,0.14804665634865705,0.25618980543938646,0.13103537446921645,0.42038190320873625,0.15501715962612678
train_0046,4,combined,0.09820606479694424,0.2754906243020241,0.0748278811259447,0.259675679489407,0.10795245328178218
train_0046,4,demographics,0.09989301804539408,0.29774104140277025,0.07380316881145436,0.23022921371074584,0.11899047822693143
train_0046,4,persistence,0.13592233009708737,0.5833333333333334,0.07692307692307693,0.24157227615965482,0.07692307692307693
train_0046,4,population,0.0996057662883826,0.2885787585355503,0.07468625082721761,0.21467118879427052,0.09862073367871761
train_0046,4,text,0.097833261819778,0.2689885820336005,0.07526332948388932,0.3126105283651801,0.09936552870485063
train_0046,4,transition,0.08941667099551373,0.204954482917003,0.07418091557729536,0.42054489595865285,0.08568510672220449
train_0047,4,combined,0.08197903011508277,0.5346517097729747,0.048971647223361475,0.25468115386979484,0.24236529680365299
train_0047,4,demographics,0.0864773910218261,0.5945893855358385,0.04942755808851269,0.19623764915379435,0.2537267080745342
train_0047,4,persistence,0.06796116504854369,0.2857142857142857,0.052083333333333336,0.4056865464632455,0.052083333333333336
train_0047,4,population,0.08609795708618757,0.5940343461175991,0.049060928719313814,0.19484179351114836,0.24618977020014826
train_0047,4,text,0.08129333179669898,0.5322440462715745,0.0484115088662393,0.2707205302668,0.28613445378151264
train_0047,4,transition,0.07313438003860405,0.43018191939655326,0.04709966362708692,0.47055242272347536,0.3640498078700326
train_0048,4,combined,0.05721714827367565,0.13203177579098416,0.04827192107051919,0.1558336745836746,0.08633529658197589
train_0048,4,demographics,0.05109009402335888,0.12191004871041629,0.04262249074555854,0.4339205480509828,0.260609857978279
train_0048,4,persistence,0.1262135922330097,0.8181818181818182,0.043478260869565216,0.09944101206237127,0.043478260869565216
train_0048,4,population,0.050760563369730956,0.12386148822821791,0.04202023539752056,0.4032818100358423,0.33730158730158727
train_0048,4,text,0.056948452030849646,0.1326840781129945,0.04789310543407146,0.1675277022026248,0.10218253968253968
train_0048,4,transition,0.049288079181463246,0.12817529185276802,0.03985591244902464,0.42188057040998217,0.3381157340985175
train_0049,3,combined,0.052202524440019445,0.16677016030298328,0.040630035969013,0.07076298701298701,0.028242618886635113
train_0049,3,demographics,0.048244506744234736,0.1600803618033928,0.03694795572815816,0.10610500610500612,0.0473803071364047
train_0049,3,persistence,0.10091743119266056,0.8,0.030303030303030304,0.10752293577981652,0.030303030303030304
train_0049,3,population,0.049182342679185066,0.16222560857991591,0.03776383097204054,0.08469335102462038,0.04083788706739526
train_0049,3,text,0.052898415531917056,0.16969179314515823,0.04110110466189269,0.058707870244872146,0.027082958969751422
train_0049,3,transition,0.04671508580971936,0.1634769078227165,0.03492096237406308,0.18564685133312586,0.02600636301567526
train_0050,1,combined,0.0905113819819511,0.204391428647251,0.07826621567385433,0.2660792878754657,0.1760395317244333
train_0050,1,demographics,0.08915735913982016,0.1969958442243443,0.07756182310922616,0.2943322681260553,0.19546416917197507
train_0050,1,persistence,0.14563106796116504,0.7,0.08602150537634409,0.15948808473080317,0.08602150537634409
train_0050,1,population,0.08822915258198642,0.19168434859766215,0.07710493795664494,0.3777997260554695,0.20936891431353458
train_0050,1,text,0.08990071448536116,0.20109217125321022,0.07794464386516234,0.27249401584079,0.17563187308703457
train_0050,1,transition,0.08592933381885472,0.1802860259238747,0.07578345294734719,0.3885157831499065,0.2700301654408699
train_0051,1,combined,0.09080977807491762,0.18883114718174862,0.0766511358705976,0.23698201781011372,0.23774874319229158
train_0051,1,demographics,0.08886130209890465,0.1878595887214564,0.07456154958675829,0.28112526660913756,0.30701972260476096
train_0051,1,persistence,0.17475728155339806,0.7692307692307693,0.08888888888888889,0.1406069658496843,0.08888888888888889
train_0051,1,population,0.08967641785365017,0.1895737937460865,0.07524679689140937,0.2628338328338328,0.2850904882154882
train_0051,1,text,0.09185512740418862,0.1899314451252524,0.07768854817781275,0.21300174867913726,0.21723711746986324
train_0051,1,transition,0.08818606093816357,0.1791575843053112,0.07504572978513113,0.31282010346863687,0.2765737685177953
train_0052,4,combined,0.11069586800890868,0.17540740066106875,0.08770624456669393,0.07897849847347345,0.06609850417899954
train_0052,4,demographics,0.08829347755489995,0.12208976114462419,0.07628690312170845,0.1463953700743116,0.09621521345634618
train_0052,4,persistence,0.2815533980582524,0.8518518518518519,0.07894736842105263,0.11751168644372528,0.07894736842105263
train_0052,4,population,0.0882688549936832,0.12242433205166124,0.07613467235466467,0.15126911423301964,0.10189050211736236
train_0052,4,text,0.11071401031957168,0.1760978698483917,0.0874855339080172,0.07892874279125214,0.06584712096496775
train_0052,4,transition,0.09389014140302405,0.1509959492094225,0.07360255178759302,0.16638636523441727,0.11411883139824316
train_0053,5,combined,0.063624199751458,0.12783657452649716,0.05930221298775344,0.2887035797182827,0.3169183920707871
train_0053,5,demographics,0.06465801767492842,0.12784555803868475,0.06040501015044482,0.22066648629148627,0.22631841739754965
train_0053,5,persistence,0.11711711711711711,0.8571428571428571,0.0673076923076923,0.0809202059202059,0.0673076923076923
train_0053,5,population,0.06521191729131237,0.11920698606204568,0.061577633816359174,0.26550865388792244,0.2769147519147519
train_0053,5,text,0.06402328793535988,0.12047224304637572,0.0602238390336569,0.27024642024642026,0.2722923287046025
train_0053,5,transition,0.06386044702950182,0.11905224941508356,0.060145614176626123,0.2197932283138406,0.2747508734539035
train_0054,2,combined,0.028661431122588444,0.020761488727131756,0.029521820888430264,0.08086253369272237,0.09385964912280702
train_0054,2,demographics,0.032794330371720894,0.022192557027057063,0.03394897895381299,0.05917431192660551,0.06575963718820861
train_0054,2,persistence,0.11607142857142858,1,0.019801980198019802,0.017857142857142856,0.019801980198019802
train_0054,2,population,0.02779737333766885,0.015602477457729955,0.0291255303146919,0.04821428571428571,0.05555555555555555
train_0054,2,text,0.024964709134114853,0.015241958125717029,0.026023622610276992,0.08195488721804511,0.09509803921568627
train_0054,2,transition,0.028911839379915434,0.06300187220399957,0.02519906352778746,0.033168859649122806,0.044003868471953575
train_0055,3,combined,0.06710336134234635,0.02944634763110498,0.06968766620488252,0.15972657402567447,0.18819604157452455
train_0055,3,demographics,0.06988663737005436,0.012954491550365285,0.07379374541650362,0.1391792077531948,0.1472581157662427
train_0055,3,persistence,0.13761467889908258,1,0.0784313725490196,0.07339449541284404,0.0784313725490196
train_0055,3,population,0.06981029868807445,0.011693497274686273,0.07379870662820893,0.12155057066723356,0.12654604859307136
train_0055,3,text,0.06658173139275296,0.027673725025349444,0.06925188869247673,0.16920423214778055,0.20010670564339042
train_0055,3,transition,0.07392482072215792,0.04452210826316313,0.07594265393012815,0.06734463297815389,0.07571592170450483
train_0056,1,combined,0.15518738003945742,0.1518410795625054,0.15558748118344082,0.4373804857576601,0.48055805246350786
train_0056,1,demographics,0.14960224682822032,0.14528925477033378,0.1501179306612285,0.5258570305615116,0.5515299800499779
train_0056,1,persistence,0.2621359223300971,0.8181818181818182,0.1956521739130435,0.19293909973521625,0.1956521739130435
train_0056,1,population,0.14961732118839058,0.14988461444038004,0.1495853622126092,0.5594725692918654,0.5774021067499328
train_0056,1,text,0.1552897728677922,0.15551073651720906,0.1552633533010141,0.43572796463156493,0.47079645522739333
train_0056,1,transition,0.157955945244649,0.156132045088452,0.15817402026332472,0.3793935513054463,0.578196550618534
train_0057,3,combined,0.031220154397166695,0.02590762464268166,0.0317567735642864,0.026289682539682536,0.02944862155388471
train_0057,3,demographics,0.028511710185633986,0.02112072363273425,0.029258274483906686,0.036375661375661374,0.043478260869565216
train_0057,3,persistence,0.11009174311926606,1,0.020202020202020204,0.01834862385321101,0.020202020202020204
train_0057,3,population,0.02923818631699918,0.021274256394429227,0.03004262368291534,0.03429705215419501,0.04047619047619047
train_0057,3,text,0.0314363859858251,0.025417233208788505,0.032044381215828796,0.025989268947015427,0.02976190476190476
train_0057,3,transition,0.03356580205916318,0.10837649873690453,0.026009166031108498,0.02261178861788618,0.027046783625730993
train_0058,5,combined,0.08682229312159237,0.3798922618659984,0.047945664614681374,0.18953792440747644,0.1471065493646139
train_0058,5,demographics,0.09484868113863479,0.3937942471710543,0.05519263666494648,0.09898694345614156,0.055041392334238506
train_0058,5,persistence,0.10810810810810811,0.5384615384615384,0.05102040816326531,0.29679329679329675,0.05102040816326531
train_0058,5,population,0.09542846924699477,0.3957802257154134,0.05558588930730658,0.0858941353716456,0.045977296476906154
train_0058,5,text,0.08708622286597323,0.38098203847465556,0.04810004324441333,0.18552272422749566,0.1361622807017544
train_0058,5,transition,0.08195196090597487,0.30829918861423855,0.05192630825079703,0.26738431375999233,0.05621889055472264
train_0059,5,combined,0.059564273768600955,0.2827645398038037,0.0422283307755755,0.15652635780984145,0.0862695882402991
train_0059,5,demographics,0.06109113588259183,0.3054527910024768,0.0421115898538629,0.11434927190492804,0.08095283913930758
train_0059,5,persistence,0.08108108108108109,0.625,0.038834951456310676,0.19675032175032173,0.038834951456310676
train_0059,5,population,0.06129495685261281,0.29883106361637285,0.042845550502029504,0.11921840341209995,0.08438375350140057
train_0059,5,text,0.059565307014613905,0.2788069587856295,0.04253682920715639,0.1661113962025816,0.10041467168262654
train_0059,5,transition,0.051205326280332586,0.202109175430284,0.039484638967715,0.46562801883414734,0.0917495203209489
train_0060,5,combined,0.10169247524508733,0.18475874720349103,0.0736701184398427,0.21424377210091497,0.11850185221664095
train_0060,5,demographics,0.10499600634725259,0.20710418947436762,0.07054987228027403,0.15513482667403436,0.08512443438914027
train_0060,5,persistence,0.24324324324324326,0.75,0.07228915662650602,0.18866943866943867,0.07228915662650602
train_0060,5,population,0.10505300061065657,0.20924705285841044,0.06990319985237815,0.14963999512962087,0.08551472408645286
train_0060,5,text,0.10126724216463118,0.18513504478068785,0.07297448947487713,0.21679308652894252,0.12244136947824392
train_0060,5,transition,0.10003016860014856,0.1979198175475759,0.067007154497402,0.2785157043669297,0.12252292663476874
train_0061,2,combined,0.035470828645788405,0.1041394712049255,0.02232151411318768,0.2931623931623931,0.5
train_0061,2,demographics,0.032019229070606864,0.10302419216724112,0.018422534009549237,0.17579365079365078,0.25
train_0061,2,persistence,0.15178571428571427,0.8888888888888888,0.010638297872340425,0.0830026455026455,0.010638297872340425
train_0061,2,population,0.032788500223205674,0.10344786938089666,0.019257982724924422,0.1232142857142857,0.125
train_0061,2,text,0.03566439244059138,0.10385729453375452,0.02260617714615588,0.2365079365079365,0.25
train_0061,2,transition,0.03757096417307728,0.1499693664359349,0.016047865867423693,0.1320574162679426,0.058823529411764705
train_0062,3,combined,0.08647319018402777,0.06868687257374032,0.08931143235588215,0.28907698870442694,0.37808184039578696
train_0062,3,demographics,0.08264308018267094,0.06559905038428261,0.08536287217177546,0.3682576032368598,0.4585619786717348
train_0062,3,persistence,0.22018348623853212,0.9333333333333333,0.10638297872340426,0.09780372532666111,0.10638297872340426
train_0062,3,population,0.08439802448441613,0.06674060928719314,0.08721569712227085,0.31922239351699505,0.37945132698354156
train_0062,3,text,0.0877564728961289,0.06904175482218726,0.09074286407814086,0.2507183360471497,0.32674012105775496
train_0062,3,transition,0.09474738331041771,0.10546558372602267,0.09303703218026799,0.14585762182669032,0.24910486979506527
train_0063,2,combined,0.055278680000616656,0.1809482285360029,0.042958136026559186,0.08797782786267999,0.07272727272727272
train_0063,2,demographics,0.05688565941159525,0.18064860009577205,0.044752037775891644,0.06414389875845825,0.049634096062667485
train_0063,2,persistence,0.10714285714285714,0.8,0.0392156862745098,0.10238095238095238,0.0392156862745098
train_0063,2,population,0.05796596251246921,0.18274179236912158,0.04573303801671898,0.0596240223142397,0.0470063025210084
train_0063,2,text,0.05560201545308804,0.1822869424049495,0.04318192457545456,0.08204908499026145,0.06963484292125663
train_0063,2,transition,0.0514682575612598,0.14443108034239477,0.0423542553278152,0.1898085539922626,0.04527882074815742
train_0064,2,combined,0.07538829665322011,0.21099466027865468,0.062093555121314765,0.2510745855573442,0.18241507412453853
train_0064,2,demographics,0.08108689766725667,0.23669356434367217,0.06583134211074534,0.15543348224532266,0.12551005639240934
train_0064,2,persistence,0.125,0.7,0.06862745098039216,0.1525,0.06862745098039216
train_0064,2,population,0.08225611335541508,0.2342830137726168,0.06735151527529727,0.14023197032436163,0.10454259302506101
train_0064,2,text,0.07603930494920791,0.20899438111002938,0.06300449356089208,0.24076345739136437,0.1630893778736366
train_0064,2,transition,0.08157785944466499,0.2450596648464046,0.06555023146410227,0.18197653786198525,0.09745153316581888
train_0065,4,combined,0.0960431688180227,0.24750376589955178,0.07022602158821661,0.5698335445458207,0.5552293294940354
train_0065,4,demographics,0.10192189440582843,0.2821820584746174,0.07119573007592121,0.528740633022237,0.5301282051282051
train_0065,4,persistence,0.1650485436893204,0.6,0.09090909090909091,0.24909847434119275,0.09090909090909091
train_0065,4,population,0.10394756210337384,0.28856847086660753,0.07247808901873175,0.49219036425257623,0.4973169191919192
train_0065,4,text,0.09750630362128636,0.2522066737932414,0.07113692234197583,0.5093098545998712,0.47066800294858807
train_0065,4,transition,0.08980373694294579,0.17474077572513239,0.07532583260507307,0.6147929220187962,0.379283261887751
train_0066,4,combined,0.07982062374016086,0.5975779452204095,0.05890113600358516,0.18530645922413008,0.1624098124098124
train_0066,4,demographics,0.08132005455093384,0.5710789341925613,0.061531816989655964,0.2175955720916849,0.2159203283235051
train_0066,4,persistence,0.06796116504854369,0.25,0.06060606060606061,0.308252427184466,0.06060606060606061
train_0066,4,population,0.08091192319605912,0.5659214536476216,0.06131557853134953,0.2141845547869595,0.21686377990079245
train_0066,4,text,0.07952672895713787,0.5944121121911033,0.058723279129502905,0.191845533911584,0.1722064144942779
train_0066,4,transition,0.07266956588102545,0.43343921892886067,0.058093014242729085,0.4296959411048089,0.15485213496101377
train_0067,5,combined,0.12630410518734897,0.40995982548574916,0.10721189324418741,0.19026326491247827,0.11873963985297047
train_0067,5,demographics,0.12440522356357694,0.40833815494789316,0.10529435318194028,0.21042613025484877,0.13308442883804544
train_0067,5,persistence,0.13513513513513514,0.42857142857142855,0.11538461538461539,0.25096525096525096,0.11538461538461539
train_0067,5,population,0.12363058440563167,0.40283801881541165,0.10483777632035801,0.20579565426468602,0.13078762290588886
train_0067,5,text,0.12590318108012458,0.4062361190469765,0.10703461794774033,0.18989005227484665,0.11837634292547075
train_0067,5,transition,0.1171853927145356,0.30969193199955963,0.10422822180112051,0.3648577789276144,0.1590428621044708
train_0068,3,combined,0.11425996945002218,0.3561092770658374,0.08434046747693164,0.2951391568613965,0.13495946036063425
train_0068,3,demographics,0.11336114992610064,0.37441578603611403,0.0810657310258928,0.2813390183009899,0.21228802062135393
train_0068,3,persistence,0.13761467889908258,0.5,0.09278350515463918,0.28256880733944956,0.09278350515463918
train_0068,3,population,0.11459917554715475,0.3772970435811376,0.08210047022336306,0.2617456353170639,0.1944796668590095
train_0068,3,text,0.11531263404422851,0.359249746481679,0.08513484693856453,0.2795316954427582,0.12127785430626412
train_0068,3,transition,0.10715222861689873,0.300868704457448,0.08318730377064522,0.3839564785054579,0.15394373467544198
train_0069,2,combined,0.1287264979507671,0.49855353953429515,0.08844830530305613,0.16181585543182186,0.08792962614421629
train_0069,2,demographics,0.126405141401858,0.5101403317631764,0.08461219987735798,0.16913167474041133,0.11252036493971977
train_0069,2,persistence,0.11607142857142858,0.36363636363636365,0.0891089108910891,0.35876623376623373,0.0891089108910891
train_0069,2,population,0.12628894387892883,0.5113886248776878,0.08434739446322241,0.1649261130734345,0.10773777879041035
train_0069,2,text,0.12894145353432537,0.5015481131834661,0.08836053020620115,0.16017150933988328,0.08861954208539936
train_0069,2,transition,0.10800390472696027,0.3397025396952354,0.08276939992843525,0.43960931192472813,0.11021094517091407
train_0070,1,combined,0.07350453291615057,0.22908858856324568,0.04489137325691468,0.35307675349342016,0.3317857142857143
train_0070,1,demographics,0.07380393468899073,0.23951895193999778,0.04332760967731126,0.42681434841776394,0.3333187083187083
train_0070,1,persistence,0.14563106796116504,0.6875,0.04597701149425287,0.21244606256742177,0.04597701149425287
train_0070,1,population,0.07363589442604358,0.23595250954824273,0.0437845629093173,0.42718189301356607,0.3401190476190476
train_0070,1,text,0.07349177544397849,0.22695283679945735,0.04526905151653409,0.325962824267909,0.2052164502164502
train_0070,1,transition,0.06500629821347106,0.1886513972224452,0.04226696966009651,0.4654506008326606,0.33163956639566394
train_0071,5,combined,0.0465592751809932,0.1656376345057578,0.02937270785576944,0.15419128414886635,0.06274509803921569
train_0071,5,demographics,0.04526906637503447,0.15619446355523475,0.02925921523562412,0.1856547619047619,0.0572192513368984
train_0071,5,persistence,0.11711711711711711,0.7857142857142857,0.020618556701030927,0.1465894465894466,0.020618556701030927
train_0071,5,population,0.04495563616546604,0.15205955458067646,0.02949733866223979,0.163189662961959,0.0505097312326228
train_0071,5,text,0.04618050668930329,0.1632715646074174,0.029280766371224967,0.1564991037331463,0.06492248062015504
train_0071,5,transition,0.039328267007625,0.13794997529167916,0.025094206018173883,0.4904365904365905,0.052107728337236536
train_0072,5,combined,0.02907254704674905,0.037411925376353315,0.02851124273610261,0.041245791245791245,0.048185941043083894
train_0072,5,demographics,0.02868716847761608,0.02160646924388573,0.029163754002963314,0.03429705215419501,0.03737373737373738
train_0072,5,persistence,0.08108108108108109,1,0.019230769230769232,0.018018018018018018,0.019230769230769232
train_0072,5,population,0.02828057601214501,0.021283074396380212,0.028751561697821486,0.05,0.05405405405405406
train_0072,5,text,0.028460235220299075,0.03690061954926128,0.02789213242892662,0.04941176470588235,0.05793650793650794
train_0072,5,transition,0.030287063540884795,0.11287060460935876,0.024728555968968276,0.02664576802507837,0.03173076923076923
train_0073,1,combined,0.16878103835286487,0.46420000699466907,0.13701555785374614,0.2247631477915357,0.15717602859677413
train_0073,1,demographics,0.16297064467006742,0.46711395968670183,0.13026706241021427,0.2739466049989019,0.2090228048366705
train_0073,1,persistence,0.17475728155339806,0.4,0.15053763440860216,0.31592233009708737,0.15053763440860216
train_0073,1,population,0.16300452495128026,0.4673064310790479,0.13028388988377837,0.26573362465972056,0.19470423186805658
train_0073,1,text,0.16889591053383052,0.4655291255333011,0.13699986591023153,0.22269938401697492,0.15605313945652044
train_0073,1,transition,0.15229838065556636,0.3526497056911361,0.1307552274259352,0.44955713675310655,0.2303258186841401
train_0074,1,combined,0.12220011121417988,0.3362971342149522,0.09396753675253958,0.2368978235894669,0.10776702452669304
train_0074,1,demographics,0.12522331472432396,0.3925319774952444,0.08997382073255424,0.21681127197579508,0.15240499525083423
train_0074,1,persistence,0.14563106796116504,0.5,0.0989010989010989,0.28737864077669906,0.0989010989010989
train_0074,1,population,0.1251344170094121,0.38461414811671357,0.09091730961064706,0.21976629391802463,0.14228675252992373
train_0074,1,text,0.12229740863180522,0.33239237049926695,0.09459257849543663,0.2355641259806467,0.104165965959582
train_0074,1,transition,0.1186043831243961,0.32754356841941434,0.09105196308549258,0.3376127994021389,0.11333139577171282
train_0075,2,combined,0.06533639927922974,0.06773415354531563,0.06499386295550319,0.24633177086413913,0.2670784271405389
train_0075,2,demographics,0.06654362820624116,0.07077378409245413,0.06593932022249643,0.17140101218502582,0.219857802925204
train_0075,2,persistence,0.17857142857142858,0.9285714285714286,0.07142857142857142,0.07142857142857142,0.07142857142857142
train_0075,2,population,0.06628450732169724,0.07107722916333696,0.06559983277289158,0.1818452380952381,0.27259280297272065
train_0075,2,text,0.06509622193377088,0.06790297775782629,0.06469525681604868,0.26595860523526854,0.3001480233800128
train_0075,2,transition,0.07013647039131841,0.12561048645171125,0.062211610954119444,0.1421091130360331,0.32065107349654925
train_0076,2,combined,0.061929857785532574,0.12355156903475203,0.053838117924523955,0.14587345999397125,0.11519713261648747
train_0076,2,demographics,0.06165087477185181,0.13830057296241102,0.05158576288824303,0.10749662183714065,0.09569463694302971
train_0076,2,persistence,0.14285714285714285,0.8461538461538461,0.050505050505050504,0.08859890109890109,0.050505050505050504
train_0076,2,population,0.06218069188247808,0.13616298635202229,0.052465845133952076,0.1044836868828878,0.0885703668312364
train_0076,2,text,0.06233028263034961,0.1213141295263095,0.05458492899754679,0.13274980380243537,0.10171724590971061
train_0076,2,transition,0.06356978790832257,0.176108964746396,0.04879191620231293,0.13039515806322527,0.1053457687823013
train_0077,1,combined,0.15309605335060636,0.2822489491377073,0.12574602836039675,0.398249341377686,0.32240276654239786
train_0077,1,demographics,0.15819909950837707,0.302933651958085,0.12754942957785068,0.3188742175943632,0.3216172606614702
train_0077,1,persistence,0.23300970873786409,0.6111111111111112,0.15294117647058825,0.26232470334412084,0.15294117647058825
train_0077,1,population,0.15890394001489963,0.30884546635289273,0.12715161679038345,0.30542242189649976,0.34739033969490873
train_0077,1,text,0.15369804413812915,0.28685753573461276,0.12549956356475614,0.39888228434535267,0.34410950616842156
train_0077,1,transition,0.1526266513452335,0.26104611458572147,0.129667235600189,0.3776231751458937,0.420011463388831
train_0078,5,combined,0.0964011151369291,0.21904893119433255,0.07574464085357695,0.2007401730698766,0.2109152577328832
train_0078,5,demographics,0.09248123791867449,0.22063355603761373,0.07089768960390579,0.23023308545547044,0.3358672573316896
train_0078,5,persistence,0.18018018018018017,0.75,0.08421052631578947,0.1554054054054054,0.08421052631578947
train_0078,5,population,0.09240681405142653,0.22018344199683657,0.07088653987114694,0.2761619642693811,0.3562429580182127
train_0078,5,text,0.09635823233348885,0.2192151839951566,0.07566653521152375,0.20266609318369824,0.20777201882346033
train_0078,5,transition,0.09216933828430192,0.21103266311073254,0.07215025199774518,0.2893162116853783,0.3455517686553764
train_0079,2,combined,0.04413700430703522,0.10971352990937178,0.04042512549935579,0.17889732522058696,0.10758378718056137
train_0079,2,demographics,0.043557883497849545,0.10070295543888333,0.040323256784206125,0.2529410616705699,0.1558222479275111
train_0079,2,persistence,0.08035714285714286,0.8333333333333334,0.03773584905660377,0.06904761904761905,0.03773584905660377
train_0079,2,population,0.04421263509454552,0.10556112804289959,0.0407400788899217,0.20622747344551856,0.1433100414078675
train_0079,2,text,0.04438403977270567,0.11301728002151043,0.04049913938126389,0.17643169091444955,0.10575268817204302
train_0079,2,transition,0.040925735001551986,0.07499573325390188,0.03899724453443784,0.27670101564237526,0.08697127525252525
train_0080,2,combined,0.10544651337757145,0.34400409121531234,0.08460167647912807,0.2791422052788493,0.10725089202490332
train_0080,2,demographics,0.10821264600727544,0.3990892539716041,0.08279624336961566,0.21098395334211115,0.1060729190000596
train_0080,2,persistence,0.11607142857142858,0.4444444444444444,0.08737864077669903,0.2787698412698413,0.08737864077669903
train_0080,2,population,0.10898637067573452,0.40254898430701835,0.08333526851377768,0.1833637026239067,0.09832768180499817
train_0080,2,text,0.10612543025566111,0.3466038072910503,0.08511275653412226,0.2612460578259221,0.10033410251144641
train_0080,2,transition,0.09086697248291911,0.19322050384282735,0.0819234600339951,0.49076441764206713,0.10790000050376523
train_0081,1,combined,0.07696730539862451,0.502750993304939,0.05063017006421331,0.19037170214655,0.13425324675324676
train_0081,1,demographics,0.07928767143134093,0.5339126979835163,0.05116653576831977,0.15667859736487186,0.12487841945288755
train_0081,1,persistence,0.06796116504854369,0.3333333333333333,0.05154639175257732,0.3448399856166846,0.05154639175257732
train_0081,1,population,0.08111343166297297,0.540845260599514,0.05267641131638281,0.13673400673400674,0.09024531024531025
train_0081,1,text,0.07765699484308684,0.5065759117643132,0.05112592781703162,0.18289439089354056,0.1288787878787879
train_0081,1,transition,0.06659441401590212,0.3096889974537945,0.051557635658919083,0.4691830822713426,0.06847970441567838
train_0082,3,combined,0.03956947430940569,0.4729444937262,0.01873413683744442,0.11956686930091184,0.14285714285714285
train_0082,3,demographics,0.042562798624751624,0.5082427670528878,0.020174338604168146,0.058271173271173274,0.07692307692307693
train_0082,3,persistence,0.027522935779816515,0.4,0.009615384615384616,0.4591743119266055,0.009615384615384616
train_0082,3,population,0.043028145858853416,0.49059256973110604,0.021510625480379734,0.05842379107068047,0.0625
train_0082,3,text,0.03943206015626851,0.45803253207085787,0.0193070374680671,0.13611546499477534,0.16666666666666666
train_0082,3,transition,0.037034012975731855,0.47822889819391223,0.01582272041716549,0.17514343086632242,0.09090909090909091
train_0083,2,combined,0.10203658753260167,0.20214700345070294,0.08412209205252039,0.3440941863151633,0.18641857244177917
train_0083,2,demographics,0.10402344783876386,0.21856855090221752,0.08352590308004057,0.30479030766180887,0.20049221994077737
train_0083,2,persistence,0.1875,0.7058823529411765,0.09473684210526316,0.18539915966386555,0.09473684210526316
train_0083,2,population,0.10510438309809476,0.22009465411873635,0.08452717670492732,0.2669663882036331,0.1859036178108453
train_0083,2,text,0.10208381357108666,0.20217712252857048,0.08417237933658955,0.34341836800205483,0.17998386540775285
train_0083,2,transition,0.09733074125985076,0.1655293297801539,0.08512678331411232,0.3894372496267505,0.17574720330382648
train_0084,5,combined,0.015498147470934583,0.030992094285010017,0.015357293408988443,0.5,0.5
train_0084,5,demographics,0.017045334709036075,0.04042296222306236,0.016832810822544928,0.5,0.5
train_0084,5,persistence,0.018018018018018018,1,0.00909090909090909,0.009009009009009009,0.00909090909090909
train_0084,5,population,0.0178726525607433,0.02917518614250993,0.017769902255454512,1,1
train_0084,5,text,0.015765480786967958,0.022839874777042402,0.015701168114330918,0.3333333333333333,0.3333333333333333
train_0084,5,transition,0.01492231794421485,0.1939432852360996,0.013294854605197717,0.5,1
train_0085,2,combined,0.07155872040877595,0.22598086104981216,0.06583938186651535,0.07469597261449389,0.06995151386455734
train_0085,2,demographics,0.07380222676396174,0.23127117822070847,0.06797004337667482,0.06922451821437758,0.06905042217422032
train_0085,2,persistence,0.08928571428571429,0.75,0.06481481481481481,0.09375,0.06481481481481481
train_0085,2,population,0.07238477351513115,0.2271613749469542,0.06665230679543399,0.07458160800552105,0.07353286554567838
train_0085,2,text,0.07035788005054215,0.22377862490769285,0.06467563024101805,0.08823981750479283,0.08318574136170277
train_0085,2,transition,0.07081746608081094,0.26842917989480375,0.06349851371732973,0.09616890352982818,0.0846437884031869
train_0086,3,combined,0.05306414758697724,0.4814749161941324,0.02810818048364781,0.15276377217553688,0.06979405034324943
train_0086,3,demographics,0.053469867646626715,0.5030086388732357,0.027283143109154348,0.15149593050408267,0.09999999999999999
train_0086,3,persistence,0.03669724770642202,0.3333333333333333,0.019417475728155338,0.46279306829765543,0.019417475728155338
train_0086,3,population,0.053513073774973996,0.4913872921569384,0.028005837752723643,0.15707920595138639,0.10084033613445378
train_0086,3,text,0.052700003420591446,0.4750001051025215,0.028099997497372218,0.16292860734037204,0.07125603864734299
train_0086,3,transition,0.040319334442316786,0.33713949363945267,0.02302883973180402,0.6955938697318007,0.11309523809523808
train_0087,2,combined,0.1138876803734291,0.2678931983460617,0.08040821994459592,0.37779390921864364,0.1825123931102192
train_0087,2,demographics,0.11599012664045963,0.27875654391910976,0.08060612288423133,0.35932570176636336,0.13273100155251186
train_0087,2,persistence,0.17857142857142858,0.6,0.08695652173913043,0.27142857142857146,0.08695652173913043
train_0087,2,population,0.11431023935364046,0.27169283592453997,0.08009663140344492,0.36648617511520737,0.13090604847073536
train_0087,2,text,0.11277300759228637,0.2629414819287668,0.08012768708435583,0.38502880587531235,0.17754033562223218
train_0087,2,transition,0.10845495577283347,0.24474429275456186,0.07882683903767512,0.4525904053419086,0.16153938432576773
train_0088,5,combined,0.1723867694262839,0.2688091925479391,0.1471854542922149,0.34574359641321856,0.2207748723223554
train_0088,5,demographics,0.17331493330735698,0.27492345478352115,0.14675816064881408,0.38675463817420425,0.23304442325521854
train_0088,5,persistence,0.26126126126126126,0.6086956521739131,0.17045454545454544,0.2818742655699178,0.17045454545454544
train_0088,5,population,0.17376767802098617,0.2852375025789062,0.1446335193297116,0.3729565587754121,0.25541808077957956
train_0088,5,text,0.17351360427135157,0.2774706675846234,0.14634300817811008,0.3440019928574876,0.2462621226020374
train_0088,5,transition,0.16884488948751417,0.25008330551838,0.14761212166126517,0.3712100992212455,0.3003621008074586
train_0089,5,combined,0.09487918360300736,0.15526308186769747,0.08616398179160879,0.5366663339159313,0.5783950527015602
train_0089,5,demographics,0.09814876082508489,0.1577078270464128,0.08955260693747055,0.46673572572303773,0.45400896699359267
train_0089,5,persistence,0.1981981981981982,0.7857142857142857,0.1134020618556701,0.14501746644603786,0.1134020618556701
train_0089,5,population,0.09956925599647717,0.16308756827062448,0.09040166453422911,0.4475513182882398,0.4552352034804677
train_0089,5,text,0.09592432590108267,0.1590424825462918,0.08681448885950609,0.5309097022442887,0.5912447637439711
train_0089,5,transition,0.0987775605961118,0.11519335861697987,0.09640827016011022,0.4132824554838172,0.3192159894759994
train_0090,3,combined,0.20851012068491023,0.3372888737250821,0.1813234950430962,0.36564947983736806,0.32460632388819
train_0090,3,demographics,0.21444869672465902,0.36391232267965584,0.18289526457860414,0.3907133796061084,0.3318670016507255
train_0090,3,persistence,0.27522935779816515,0.5263157894736842,0.2222222222222222,0.3304916831782081,0.2222222222222222
train_0090,3,population,0.21431995735808415,0.3621179941482115,0.18311814959127948,0.39496837651403144,0.3338077757391483
train_0090,3,text,0.20934297125480522,0.3387512675189974,0.18202344204347576,0.36262228992295575,0.3261698778782546
train_0090,3,transition,0.20529415551090777,0.2769524541241261,0.19016629247033945,0.4578159401990768,0.3157658613365328
train_0091,5,combined,0.026161371444515816,0.11525593063103162,0.019241405682456338,0.05064102564102564,0.03125
train_0091,5,demographics,0.027548680471106368,0.1209407719430477,0.020294925793674035,0.035624211853720056,0.018867924528301886
train_0091,5,persistence,0.07207207207207207,0.875,0.009708737864077669,0.07150900900900901,0.009708737864077669
train_0091,5,population,0.02895205494449351,0.12730990316731608,0.021312610422332533,0.023343766301512782,0.015873015873015872
train_0091,5,text,0.026901389171367456,0.1197863417788974,0.01968702392029717,0.03896103896103896,0.027777777777777776
train_0091,5,transition,0.02568537885390592,0.14447868264858857,0.016458714481503385,0.18518518518518517,0.021739130434782608
train_0092,1,combined,0.11773841293762233,0.15157777005316023,0.11564525682738287,0.37834856745794554,0.3980652479709041
train_0092,1,demographics,0.11671116781088846,0.1523731965630407,0.11450526912518831,0.3794915709174715,0.4038379452509887
train_0092,1,persistence,0.18446601941747573,0.8333333333333334,0.14432989690721648,0.14703344120819847,0.14432989690721648
train_0092,1,population,0.11753627433317738,0.15733382199760812,0.11507457035393426,0.35882592059974505,0.39464425114308016
train_0092,1,text,0.11829996835462002,0.15491888128708733,0.11603488095673545,0.3667777311745511,0.39091336559428735
train_0092,1,transition,0.11968155244734142,0.09401779918793264,0.1212690011025626,0.35491918099102143,0.3793966552367538
train_0093,5,combined,0.09100450884286554,0.1972485734183448,0.08703276811107191,0.25299901976090045,0.24570604087975323
train_0093,5,demographics,0.09160055364291225,0.217846864981102,0.0868810653685874,0.24116202101614576,0.2504466712246539
train_0093,5,persistence,0.12612612612612611,0.75,0.102803738317757,0.11993243243243243,0.102803738317757
train_0093,5,population,0.09207107458525228,0.21483546159484584,0.08748175170638896,0.2755662131968356,0.28613460938031837
train_0093,5,text,0.09145218933510402,0.1952012493074891,0.08757371980342607,0.2493955987709515,0.23959054527206153
train_0093,5,transition,0.0937650005930869,0.2134575541912304,0.08929051260810957,0.2199387344711663,0.25850296879443146
train_0094,2,combined,0.08957977858724396,0.293317549841876,0.06960548728777023,0.22125511683565197,0.08626050420168067
train_0094,2,demographics,0.08722362245489178,0.2994166981041797,0.06642037974417728,0.22334384506872104,0.10136316592723442
train_0094,2,persistence,0.11607142857142858,0.6,0.06862745098039216,0.20795454545454545,0.06862745098039216
train_0094,2,population,0.08658175665621366,0.3021970602985996,0.06544300139715623,0.23311923269180543,0.10856442355212595
train_0094,2,text,0.08906665421770701,0.2948081620390843,0.06889591815678768,0.17870620785525648,0.08913122796422594
train_0094,2,transition,0.08279362251829062,0.24946390746663372,0.06645339850374718,0.25204830014555174,0.08254317144188882
train_0095,4,combined,0.12264860192925703,0.30536411906612587,0.1008021814020227,0.16167486789023836,0.13827432440522747
train_0095,4,demographics,0.11935803302186464,0.3070963258412841,0.09691106322823839,0.17503391223467493,0.16706928718370367
train_0095,4,persistence,0.1650485436893204,0.6363636363636364,0.10869565217391304,0.2009834825368806,0.10869565217391304
train_0095,4,population,0.1197468746523698,0.30630394450270226,0.09744113803983005,0.1580230436818898,0.14882820627648213
train_0095,4,text,0.12305203163478905,0.3042818141001732,0.1013832532965366,0.15579763494791699,0.13349994898651596
train_0095,4,transition,0.11726919449234921,0.29238817519083155,0.09633105549579155,0.23112350199835874,0.18173968930689635
train_0096,4,combined,0.09922887953572392,0.1477640406819196,0.09342576244215704,0.22866690092788078,0.24362698943212643
train_0096,4,demographics,0.09902399755877664,0.14395678370614584,0.09365159921506945,0.3284897883626901,0.2908482425239836
train_0096,4,persistence,0.18446601941747573,0.8181818181818182,0.10869565217391304,0.127390408943807,0.10869565217391304
train_0096,4,population,0.09888213365255072,0.1441188436192487,0.09347339659131508,0.3198004098180392,0.29064478002911415
train_0096,4,text,0.09932639793277749,0.14744166300139513,0.09357348580500799,0.2398852292946255,0.24223414006023297
train_0096,4,transition,0.09987175775522085,0.15488438636422966,0.09329416085631763,0.28198164369158135,0.2975801004484435
train_0097,3,combined,0.04217371553043927,0.20681273553099935,0.025543511489978656,0.36652380952380953,0.21428571428571427
train_0097,3,demographics,0.043509930577648265,0.20949374955102862,0.026743888257104796,0.2771818561436476,0.12037037037037036
train_0097,3,persistence,0.08256880733944955,0.7,0.020202020202020204,0.198348623853211,0.020202020202020204
train_0097,3,population,0.04462367836782829,0.2052177770919332,0.028402052234080318,0.23189518814518817,0.07564102564102565
train_0097,3,text,0.042514440190896084,0.20378778622158536,0.026224203218099186,0.3474358974358975,0.11011904761904762
train_0097,3,transition,0.04070734326742761,0.18762231364031048,0.025867447270166714,0.4513636363636364,0.029487179487179487
train_0098,5,combined,0.02732489197500886,0.03570408253350797,0.02591365988094585,NA,NA
train_0098,5,demographics,0.014050069782447229,0.016494348639666232,0.013638401764389291,NA,NA
train_0098,5,persistence,0.14414414414414414,1,0,NA,NA
train_0098,5,population,0.014179518432826561,0.016805871687049112,0.013737185253168027,NA,NA
train_0098,5,text,0.027369792714613393,0.03589362781654486,0.025934199434288093,NA,NA
train_0098,5,transition,0.01647429934480356,0.065716403956732,0.008180892252268243,NA,NA
train_0099,1,combined,0.055037540942939965,0.14928620416504115,0.04920772672301618,0.16794801874893409,0.18303532216575696
train_0099,1,demographics,0.058344888992282365,0.16279972667721512,0.051883765011771055,0.11055157990860649,0.12722222222222224
train_0099,1,persistence,0.0970873786407767,0.8333333333333334,0.05154639175257732,0.07632146709816612,0.05154639175257732
train_0099,1,population,0.058319003634268875,0.15944279413088489,0.05206392380973593,0.11651256853263028,0.12939011998949665
train_0099,1,text,0.05490467890760263,0.14712544763476806,0.04920030146056147,0.17172652227000051,0.18613551051051053
train_0099,1,transition,0.05467254449345328,0.14609908813898587,0.0490172943710492,0.1901936026936027,0.18201142943078427
train_0100,2,combined,0.02659956812074683,0.11690975643989719,0.01965263055773526,0.06623931623931624,0.03333333333333333
train_0100,2,demographics,0.027079867779324668,0.12695877766114583,0.019396874711492273,0.05411255411255411,0.05555555555555555
train_0100,2,persistence,0.07142857142857142,0.875,0.009615384615384616,0.07142857142857142,0.009615384615384616
train_0100,2,population,0.0285737708531968,0.12866980440569423,0.020874075964543153,0.05,0.027777777777777776
train_0100,2,text,0.027592005862380798,0.11822203009715702,0.020620465536628784,0.05374149659863946,0.023255813953488372
train_0100,2,transition,0.029723411377158393,0.2007140819928966,0.016570282868255456,0.0761986301369863,0.015151515151515152
train_0101,3,combined,0.030270008798398643,0.023931645663467192,0.030704994503737076,0.3986928104575163,0.4105263157894737
train_0101,3,demographics,0.032306308955244056,0.027092509544983653,0.0326641187186933,0.3781297904956566,0.3881944444444444
train_0101,3,persistence,0.09174311926605505,1,0.029411764705882353,0.027522935779816515,0.029411764705882353
train_0101,3,population,0.03322701758943636,0.027510788274261906,0.03361930783655617,0.3667385057471264,0.3722222222222222
train_0101,3,text,0.030776150770692984,0.023621308159591806,0.03126716938125875,0.3737373737373737,0.37917374080362193
train_0101,3,transition,0.03304936417513328,0.08054019455664381,0.02979018954110805,0.11480496453900708,0.3704686118479222
train_0102,3,combined,0.014388838978342165,0.030067964945069692,0.012265624003681147,NA,NA
train_0102,3,demographics,0.014299903913887121,0.022201470852100284,0.013229900057670756,NA,NA
train_0102,3,persistence,0.11926605504587157,1,0,NA,NA
train_0102,3,population,0.014878393736225348,0.021851157214376228,0.013934165348559083,NA,NA
train_0102,3,text,0.014472685137631223,0.029967851772773786,0.012374381322455667,NA,NA
train_0102,3,transition,0.014857248919627348,0.06491972384939244,0.008077955439554991,NA,NA
train_0103,4,combined,0.1657277067654828,0.4341630973579103,0.13032963328076708,0.5128226878725248,0.25057637019992546
train_0103,4,demographics,0.16917367101951436,0.5181410924529475,0.12315598907224845,0.5066548180562866,0.38013094747411563
train_0103,4,persistence,0.1650485436893204,0.25,0.15384615384615385,0.4294005909666526,0.15384615384615385
train_0103,4,population,0.1701599482819905,0.527908516903926,0.12298431285931768,0.49613163289881385,0.37379715024642557
train_0103,4,text,0.16670717150124192,0.43855591873976185,0.13085898505220633,0.4869896651571146,0.24030568356547588
train_0103,4,transition,0.14593829398697059,0.2974246331690719,0.1259620734354847,0.6544396784861971,0.3817565225619395
train_0104,1,combined,0.16656711819315276,0.32888819891247745,0.15473120605736868,0.342559154668108,0.33555636095453856
train_0104,1,demographics,0.16659247242265643,0.354798498774246,0.1528691163345197,0.3438333142764758,0.3436298957010963
train_0104,1,persistence,0.21359223300970873,0.5714285714285714,0.1875,0.23598177134931642,0.1875
train_0104,1,population,0.16324573582989088,0.33889648216834667,0.1504378689093785,0.36491147975689975,0.3650631646232372
train_0104,1,text,0.16435190675392805,0.3172114654926067,0.15320589726256606,0.35885959811513524,0.3543432952690128
train_0104,1,transition,0.16684445728375366,0.3218305994150028,0.15554338442001675,0.38057836339573103,0.38098585866870066
train_0105,3,combined,0.15106893065545907,0.25677653082733615,0.11960833536620993,0.4431120518707114,0.28467870883605484
train_0105,3,demographics,0.1598497187058187,0.27694781512943023,0.12499909477022006,0.4302727290203528,0.22299916276670628
train_0105,3,persistence,0.24770642201834864,0.6,0.14285714285714285,0.29190992493744783,0.14285714285714285
train_0105,3,population,0.16029978526850638,0.2772366035260985,0.12549716078708018,0.4378236020146515,0.20979094331437878
train_0105,3,text,0.15152393305180367,0.2583230347919301,0.11973848610533747,0.4396170216981628,0.2838661289977079
train_0105,3,transition,0.14806054079507608,0.21928543224281405,0.12686265643563024,0.5026802700213049,0.19447598906185656
train_0106,4,combined,0.06335778613381138,0.24771759571903276,0.05195408657183892,0.2681084940278216,0.24455619302166617
train_0106,4,demographics,0.0625092491277001,0.23246656344588948,0.05199642556162653,0.2840411758056935,0.2611369448965357
train_0106,4,persistence,0.08737864077669903,0.6666666666666666,0.05154639175257732,0.1437817845584836,0.05154639175257732
train_0106,4,population,0.06270050186095691,0.22972043259647904,0.05236937212473905,0.19535277808886323,0.15847555651679363
train_0106,4,text,0.06328352399059867,0.24763236462566657,0.051880502920388274,0.25578000515446586,0.24596332631557297
train_0106,4,transition,0.058162043014412794,0.2098893765699684,0.04877684712437843,0.36534610240492593,0.2653040194572453
train_0107,2,combined,0.03562795180225388,0.1330080982373346,0.028137171307247674,0.03510791808664149,0.028381642512077296
train_0107,2,demographics,0.03598662543791484,0.12350578720856471,0.029254382224787927,0.044189627674201176,0.03897401732178547
train_0107,2,persistence,0.08035714285714286,0.875,0.019230769230769232,0.05952380952380952,0.019230769230769232
train_0107,2,population,0.036448659939266013,0.1257474634466263,0.029579521207930604,0.03137343647136274,0.028846153846153848
train_0107,2,text,0.035634690979797816,0.13453377054722002,0.028027069474611498,0.030852731672403804,0.026021080368906456
train_0107,2,transition,0.03561580170056359,0.16470146312052367,0.025686135437489734,0.08691163073185545,0.019921436588103254
train_0108,2,combined,0.1390403179552674,0.2174406057738727,0.13050167274730048,0.44072268221913036,0.3369508948535901
train_0108,2,demographics,0.14392567919300556,0.24719559792725035,0.1326784603209591,0.39046045187412004,0.3103046809099494
train_0108,2,persistence,0.20535714285714285,0.6363636363636364,0.15841584158415842,0.2155844155844156,0.15841584158415842
train_0108,2,population,0.14503339818238936,0.252209510716127,0.1333607522628734,0.3640455299315936,0.2955846090802937
train_0108,2,text,0.1396458501949076,0.21824641940691814,0.13108539216191634,0.412855906688142,0.30875902798120036
train_0108,2,transition,0.14529083474113805,0.2109799936424284,0.13813656991030446,0.33225075934234083,0.24715432773494744
train_0109,5,combined,0.026314857774228855,0.013365241592980874,0.02705483584172874,0.0744047619047619,0.07515822784810126
train_0109,5,demographics,0.02696783038794569,0.012445845085299497,0.027797658119525472,0.057800224466891134,0.05878787878787879
train_0109,5,persistence,0.07207207207207207,1,0.01904761904761905,0.018018018018018018,0.01904761904761905
train_0109,5,population,0.0274971839244051,0.0132807376258632,0.028309552284321776,0.05795454545454545,0.05896805896805897
train_0109,5,text,0.026364982443738322,0.013747206392854767,0.027085998218074524,0.075,0.07583333333333334
train_0109,5,transition,0.02509333829373381,0.05422519512105738,0.023428660760743892,0.05970873786407767,0.08163265306122448
train_0110,2,combined,0.1206959563648954,0.2691267041532626,0.09595749840016753,0.1606430349368602,0.15857880962350776
train_0110,2,demographics,0.1144981018038776,0.2701364186034592,0.08855838233728065,0.21981889902929946,0.25068441044050804
train_0110,2,persistence,0.1875,0.6875,0.10416666666666667,0.19345238095238093,0.10416666666666667
train_0110,2,population,0.1147538950767993,0.26721577099648935,0.08934358242351761,0.21208340662733438,0.23930896732191465
train_0110,2,text,0.12028737866200542,0.26531628954933845,0.09611589351411659,0.1606470907885695,0.14969079687759262
train_0110,2,transition,0.11132860948778425,0.23006484338601518,0.09153923717141244,0.2998378285984503,0.2213169708783744
train_0111,1,combined,0.11090995865300331,0.2572944240258537,0.08788318881907178,0.31198932516319916,0.2593398261079332
train_0111,1,demographics,0.1104202567924497,0.27786880239868295,0.08408003613528942,0.36484694678176466,0.3435237783939346
train_0111,1,persistence,0.17475728155339806,0.6428571428571429,0.10112359550561797,0.2149296611848623,0.10112359550561797
train_0111,1,population,0.11295326763957551,0.28743241828192256,0.08550710911156587,0.31119286332233953,0.30742668840824766
train_0111,1,text,0.11262057902914116,0.26371011185674165,0.08885368622479951,0.27355657586483223,0.18965446782198797
train_0111,1,transition,0.10305574087238015,0.20313635450309783,0.08731272299788523,0.33056347767817706,0.30260450241590964
train_0112,2,combined,0.17853463134071318,0.42427188099021057,0.13147856225889454,0.4211078313150301,0.20499409455073989
train_0112,2,demographics,0.1804296979398424,0.47882548182880763,0.12329007974833842,0.4812281726624616,0.3420987536182725
train_0112,2,persistence,0.17857142857142858,0.3333333333333333,0.14893617021276595,0.4326923076923077,0.14893617021276595
train_0112,2,population,0.1810804256890442,0.4848546223782519,0.12291089866345123,0.47975112788982166,0.3371337328494654
train_0112,2,text,0.17851157668425435,0.4263104742991659,0.13106072394948404,0.42681307417064457,0.20693639134590613
train_0112,2,transition,0.1675604060099056,0.3812828802050518,0.1266348258448776,0.5356668154246578,0.3190894215861211
train_0113,2,combined,0.09462379027717482,0.47727076601193313,0.04870615318900382,0.17513085954468977,0.14774131274131275
train_0113,2,demographics,0.09419357304259934,0.4698059957045711,0.049120082323162735,0.1962822222504806,0.1511801242236025
train_0113,2,persistence,0.08928571428571429,0.4166666666666667,0.05,0.384920634920635,0.05
train_0113,2,population,0.09523304325781082,0.4653016215938171,0.05082481385749007,0.16095679598463775,0.11240580531474972
train_0113,2,text,0.09527110501652378,0.47676903344726435,0.04949135360483491,0.16787142674322153,0.13989743589743592
train_0113,2,transition,0.08636823322112547,0.39997561018332994,0.04873534798566093,0.40219013013130656,0.13280148423005567
train_0114,1,combined,0.09099343356737544,0.2002258745522483,0.06628609572555895,0.43526063514628804,0.3192940250196833
train_0114,1,demographics,0.09285949531613918,0.2322000004225253,0.06134200011350423,0.39830109126984126,0.2954307568438003
train_0114,1,persistence,0.18446601941747573,0.6842105263157895,0.07142857142857142,0.21614716402657128,0.07142857142857142
train_0114,1,population,0.09450063542586268,0.23632687579061074,0.06242089058145538,0.3240060316331503,0.28095238095238095
train_0114,1,text,0.09125538622757653,0.19975636753472398,0.0667134975985789,0.3797863883613529,0.2974731559290383
train_0114,1,transition,0.08176947415741692,0.17091379095746473,0.06160587869073945,0.5318975006475006,0.2838608776844071
train_0115,3,combined,0.1722665330479833,0.18804365599800307,0.17049563149236885,0.36800061834256825,0.279285939675125
train_0115,3,demographics,0.1654338977056484,0.20371324832556592,0.16113723590137194,0.36287712634293684,0.34120599236395616
train_0115,3,persistence,0.24770642201834864,0.7272727272727273,0.19387755102040816,0.21150200925013268,0.19387755102040816
train_0115,3,population,0.16371878350202398,0.20451213652671932,0.1591399377543541,0.36671786931538947,0.3542006232408709
train_0115,3,text,0.1716567919449289,0.18898514563404173,0.16971177265329376,0.38662449670118415,0.3117278799457608
train_0115,3,transition,0.16454092180406363,0.17759128922694994,0.16307608464435192,0.34466578899478995,0.35053226778651014
train_0116,2,combined,0.1012721795381756,0.07812794752489964,0.1014806861328898,0.19178373273741944,0.2054336516394139
train_0116,2,demographics,0.10263609866177867,0.06959316810120905,0.10293378272088291,0.1662522619194249,0.1773935220040225
train_0116,2,persistence,0.125,1,0.11711711711711711,0.11607142857142858,0.11711711711711711
train_0116,2,population,0.10477164130572564,0.07639558659002355,0.10502728143829954,0.14104133961276819,0.14774611701374096
train_0116,2,text,0.1030182082287863,0.08369275896170092,0.10319231137533662,0.16907892721518972,0.17841617255831474
train_0116,2,transition,0.1052715541628674,0.11170164208413295,0.10521362544285601,0.14503589591560465,0.1514374020763142
train_0117,3,combined,0.0614402043083953,0.3083170468132304,0.030898739256250755,0.4222880371862143,0.0215471936094177
train_0117,3,demographics,0.06858837979629435,0.37474218390635256,0.03071368238061705,0.15585203054530777,0.01723901098901099
train_0117,3,persistence,0.07339449541284404,0.5,0.020618556701030927,0.393348623853211,0.020618556701030927
train_0117,3,population,0.06924046564915487,0.3807369828838908,0.030704814032486497,0.1367668495451436,0.016191631291691932
train_0117,3,text,0.06118601295105772,0.3094452236531683,0.030473533276569813,0.391684325624199,0.022501130710085936
train_0117,3,transition,0.04555845658121451,0.1944658913577821,0.02713691825834017,0.6457468932936222,0.016666666666666666
train_0118,5,combined,0.11506565581827422,0.3803654835463082,0.08879834614223124,0.23238409375829122,0.18586038917880351
train_0118,5,demographics,0.11598878549626351,0.38642323533202466,0.0892130973937129,0.2049279106075296,0.1471207665575677
train_0118,5,persistence,0.13513513513513514,0.5,0.09900990099009901,0.25675675675675674,0.09900990099009901
train_0118,5,population,0.11736344770371236,0.3898788626981984,0.09038172344683255,0.19351736528619623,0.1463921568627451
train_0118,5,text,0.11594996065027097,0.3840695441166665,0.08940346723775656,0.2309026629030694,0.17931254504471822
train_0118,5,transition,0.1094563153812704,0.3240554948366517,0.08820887187083662,0.34673001171234874,0.1774160050239035
train_0119,5,combined,0.04003286640820412,0.12343338218674764,0.031775389598447334,0.03627305665349143,0.037658227848101265
train_0119,5,demographics,0.03586272341215906,0.10688121760659432,0.028831189333502108,0.0339381216574199,0.03543776057176891
train_0119,5,persistence,0.0990990990990991,0.9,0.019801980198019802,0.051351351351351354,0.019801980198019802
train_0119,5,population,0.03667406266650123,0.10745920296284865,0.029665632934189605,0.029838709677419355,0.025793650793650792
train_0119,5,text,0.04008356967604613,0.12301684651357367,0.03187235414757805,0.034801189149015234,0.03477546549835707
train_0119,5,transition,0.03286183830706859,0.11509119803276266,0.024720317542148384,0.08195444402340954,0.03612903225806452
train_0120,5,combined,0.10056287491526407,0.16111105846337126,0.0880583587477202,0.21743073246755212,0.17621859060789635
train_0120,5,demographics,0.10110215719216885,0.1733158717128398,0.08618845528029116,0.2604391298173713,0.2749944111541804
train_0120,5,persistence,0.21621621621621623,0.7894736842105263,0.09782608695652174,0.14585840901630376,0.09782608695652174
train_0120,5,population,0.10236708488126257,0.1805135644945472,0.08622813800460596,0.2388964570669565,0.2571778393034432
train_0120,5,text,0.10114193751195842,0.16502643287829505,0.08794840042543238,0.21334442266983336,0.17953576858716278
train_0120,5,transition,0.09627116721262677,0.14119630151497742,0.08699315034583695,0.30528874458834715,0.23261542762737505
train_0121,2,combined,0.1838588720627875,0.3854608718617283,0.14525423380341587,0.31335606546961947,0.2700189851911852
train_0121,2,demographics,0.17823210447656163,0.3719566298038587,0.14113591877558984,0.4409504445695769,0.34235120288243803
train_0121,2,persistence,0.22321428571428573,0.5,0.1702127659574468,0.32285714285714284,0.1702127659574468
train_0121,2,population,0.1753129012879794,0.3640345237023606,0.1391747182724596,0.454529268385169,0.35397714723404866
train_0121,2,text,0.18177468069983213,0.3801527642252893,0.14378738810985098,0.33842780116952803,0.26101540671734297
train_0121,2,transition,0.1691038618410297,0.3099507046763453,0.14213318980873524,0.46454199837245574,0.40568816728351115
train_0122,1,combined,0.10849801317866409,0.5136711983178618,0.0789541350955976,0.372142631278927,0.30391574947277533
train_0122,1,demographics,0.109620071922646,0.5031267347619534,0.08092687775727983,0.35613149819955525,0.2368300460102856
train_0122,1,persistence,0.10679611650485436,0.2857142857142857,0.09375,0.3424806815930256,0.09375
train_0122,1,population,0.11078236973207989,0.5017539557005627,0.08227402492187802,0.3539412340064097,0.221419975672279
train_0122,1,text,0.10914195220726171,0.5105019011246984,0.07987612259869861,0.3852761647952899,0.28318860584942457
train_0122,1,transition,0.10376388286333815,0.36972366828702113,0.08437098184286128,0.47216000407573594,0.18209448569331557
train_0123,5,combined,0.10106740425528754,0.12202754006037818,0.10007871860410403,0.21501929479326898,0.1752102169684327
train_0123,5,demographics,0.09843856624814176,0.12210509177458718,0.0973222207044415,0.26021722973354255,0.22181688686499848
train_0123,5,persistence,0.14414414414414414,0.8,0.11320754716981132,0.1234927234927235,0.11320754716981132
train_0123,5,population,0.0977786455102145,0.11815323482890319,0.0968175799763141,0.2852084765128243,0.2368468278013228
train_0123,5,text,0.10054668410838019,0.11989368693536111,0.09963408963540939,0.2109602984732952,0.17164789207349226
train_0123,5,transition,0.09927983854378014,0.16249303337663096,0.09629808407053247,0.27557122283025803,0.29444003819070186
train_0124,1,combined,0.11194160739792888,0.2973018999526548,0.1063807986212871,0.18835095611341546,0.19002158803242394
train_0124,1,demographics,0.10930578745979729,0.28872005111879917,0.10392335955002723,0.21482976924629127,0.2189901446735678
train_0124,1,persistence,0.13592233009708737,0.6666666666666666,0.12,0.14214588000995768,0.12
train_0124,1,population,0.10849086638527895,0.2764650283553875,0.1034516415261757,0.21849630127112393,0.22068615221089397
train_0124,1,text,0.11165431684398455,0.2912556639500087,0.10626627643080383,0.18417791306648648,0.1852450192157193
train_0124,1,transition,0.11158890590362426,0.35754540909528887,0.10421021080787432,0.20426929382309664,0.24943804461209523
train_0125,4,combined,0.05085860254086975,0.023852202821990555,0.0513933827333228,0.09897118361514647,0.10117252222244502
train_0125,4,demographics,0.049252529292105024,0.02844087521308279,0.04966464125406586,0.19143509458577954,0.20161822304679447
train_0125,4,persistence,0.06796116504854369,1,0.04950495049504951,0.04854368932038835,0.04950495049504951
train_0125,4,population,0.04907208721945658,0.024661471393850547,0.049555465750656696,0.1897394598302835,0.19046920237453926
train_0125,4,text,0.050718724914080714,0.020798917770760532,0.05131119634266131,0.09866169523754771,0.10101495726495727
train_0125,4,transition,0.049504187679864725,0.2077837053270032,0.046369939805663965,0.14859292023030912,0.2938019451812555
train_0126,2,combined,0.03688376794230798,0.25244173067898557,0.03095097997707832,0.20992745992745993,0.22857142857142856
train_0126,2,demographics,0.037915222789391016,0.21892144917747347,0.032933400044764895,0.33992094861660077,0.37809452363090773
train_0126,2,persistence,0.044642857142857144,0.6666666666666666,0.027522935779816515,0.11011904761904762,0.027522935779816515
train_0126,2,population,0.03844511069348074,0.23281959286550163,0.03309535430342512,0.3132142857142857,0.3605047434834669
train_0126,2,text,0.037214063611357526,0.26525598170375736,0.030937680544594226,0.15415140415140416,0.16277777777777777
train_0126,2,transition,0.0332892478300839,0.1528006157626587,0.02999994412551762,0.36282338656953395,0.14027777777777778
train_0127,1,combined,0.11844074061184423,0.3897436932913337,0.07925253633591797,0.47200108204703795,0.18652697792403675
train_0127,1,demographics,0.12540517203860357,0.44611174235234086,0.07908088965995262,0.38619535840547364,0.22181672494172494
train_0127,1,persistence,0.1262135922330097,0.38461538461538464,0.08888888888888889,0.38536221060492903,0.08888888888888889
train_0127,1,population,0.12670228772038117,0.4514938882343689,0.07978794542391626,0.3292399537489956,0.23692718779928082
train_0127,1,text,0.1189288201038326,0.39190394737883333,0.07949907949744361,0.46301805426746645,0.18640804112957016
train_0127,1,transition,0.10434478134322848,0.2750660048610854,0.07968504905731581,0.569273368337025,0.23588439913995962
train_0128,4,combined,0.0639292985216468,0.10665847753265242,0.059838206914210094,0.08084721366455112,0.053388321014908514
train_0128,4,demographics,0.06060932200228346,0.10590242886897953,0.056272747940578516,0.07835557303047821,0.06724286566147031
train_0128,4,persistence,0.1262135922330097,0.8888888888888888,0.05319148936170213,0.06706220783890687,0.05319148936170213
train_0128,4,population,0.060650209392766594,0.10632413015615823,0.05627717442605888,0.07601698159167623,0.06116778630505467
train_0128,4,text,0.06382111321036535,0.10591041132554241,0.059791286795082436,0.08258168731852943,0.04945732292985718
train_0128,4,transition,0.06236432780554822,0.15200617411222206,0.05378159784001563,0.08984604665535557,0.05830978704361789
train_0129,5,combined,0.09740335225541225,0.27763904564868025,0.07757742598215277,0.1608019057047334,0.11495667322873206
train_0129,5,demographics,0.09841284282266385,0.2958995975082356,0.07668929980725096,0.1462515358451891,0.11524848355945519
train_0129,5,persistence,0.13513513513513514,0.6363636363636364,0.08,0.19328419328419327,0.08
train_0129,5,population,0.0976667323548231,0.2835915772048638,0.07721499942131863,0.13939086632748604,0.09712193616242912
train_0129,5,text,0.09694274011905417,0.26758286427143935,0.0781723264622918,0.1566410202723785,0.09791449618412829
train_0129,5,transition,0.09470252533468919,0.25490799372985,0.0770799238112215,0.2261937716095384,0.08279486414605056
train_0130,5,combined,0.09491156464637396,0.33543854486008173,0.07368859580398798,0.19659351476349302,0.11832119153704367
train_0130,5,demographics,0.0968056748685848,0.37440041790161926,0.07231202107155234,0.16353553581052563,0.15951857284473592
train_0130,5,persistence,0.11711711711711711,0.5555555555555556,0.0784313725490196,0.2202202202202202,0.0784313725490196
train_0130,5,population,0.09710716657786601,0.37950460587511625,0.07218974546340276,0.1623044962476479,0.22014267020506192
train_0130,5,text,0.09471047815250302,0.3348368829092192,0.07352285420338102,0.18683090345549375,0.11400452054591194
train_0130,5,transition,0.08870481905743861,0.2918326214634758,0.07078177766867064,0.3205813845869868,0.1890161687204526
train_0131,1,combined,0.06319344488915908,0.19758847953745023,0.04205265292201216,0.30795352242309976,0.0320593253533563
train_0131,1,demographics,0.06145877357953798,0.19460939780075912,0.04051373156721106,0.3328029876611437,0.03537814440677176
train_0131,1,persistence,0.1262135922330097,0.7142857142857143,0.033707865168539325,0.192391519714682,0.033707865168539325
train_0131,1,population,0.06157535049551232,0.2019308668647043,0.039496954662156275,0.21872913509069114,0.039050555179587436
train_0131,1,text,0.06317962172157494,0.20407297885928288,0.04101662172238493,0.2950406927819441,0.034944524074958856
train_0131,1,transition,0.05677638202267501,0.1800358760947604,0.03738724812369528,0.42583955223880593,0.028008239651129665
train_0132,2,combined,0.057391725035974527,0.14541245846844875,0.048762241366124115,0.2867814781561412,0.14365079365079367
train_0132,2,demographics,0.058187130534248954,0.14479551428831558,0.04969611251914438,0.19051282841036168,0.09937885128096474
train_0132,2,persistence,0.11607142857142858,0.8,0.049019607843137254,0.10178571428571428,0.049019607843137254
train_0132,2,population,0.05874236002799716,0.14187917132826666,0.05059169225346093,0.24660128026365824,0.0812957157784744
train_0132,2,text,0.05765818946699008,0.14426470920766796,0.04916735419829617,0.28684162376027245,0.14345615169144582
train_0132,2,transition,0.06008285331587664,0.1979558793562836,0.04656588997858185,0.19409294146549863,0.13100065036684755
train_0133,2,combined,0.09791111955930216,0.19354080575052504,0.0842497358176989,0.23563792109518633,0.3564078121367124
train_0133,2,demographics,0.10031540354842325,0.20254840504670585,0.08571068904866859,0.24922324212821897,0.33361846497658953
train_0133,2,persistence,0.1875,0.7857142857142857,0.10204081632653061,0.13873626373626374,0.10204081632653061
train_0133,2,population,0.10199879303598296,0.2069075267157903,0.08701183108172478,0.19683955860014213,0.3060987074388135
train_0133,2,text,0.09839590477589,0.19619888024584878,0.08442405113732446,0.22938413809156843,0.3541196480143849
train_0133,2,transition,0.10218103689227395,0.20374977912359565,0.0876712165735137,0.24043393551312103,0.3532764686672648
train_0134,3,combined,0.11368123531586871,0.1784584375325284,0.10413512130499256,0.16462134668106104,0.15467162659901187
train_0134,3,demographics,0.11418369678116999,0.18825596894495616,0.10326778298861203,0.1533050130218225,0.1558951432552079
train_0134,3,persistence,0.2018348623853211,0.7857142857142857,0.11578947368421053,0.14683579853959933,0.11578947368421053
train_0134,3,population,0.11528297519385826,0.18735360738948562,0.10466203992292371,0.14046997703521957,0.14079528191129667
train_0134,3,text,0.11457195052511837,0.17740436215119137,0.10531243723285498,0.15467131200604717,0.1379936768617783
train_0134,3,transition,0.12073159740836152,0.20527841704563213,0.10827206609339533,0.14531340608011267,0.10078545877124485
train_0135,5,combined,0.134316129513029,0.2696575889236812,0.1209159850169248,0.28231806914457713,0.1982352221516696
train_0135,5,demographics,0.13085860591965848,0.2697190138314899,0.11711005068086329,0.35317214793961293,0.2711500399453254
train_0135,5,persistence,0.18018018018018017,0.6,0.13861386138613863,0.215015015015015,0.13861386138613863
train_0135,5,population,0.1313525921276394,0.27567802168126226,0.11706294563718167,0.32446997893988117,0.2696318843860502
train_0135,5,text,0.13451498139307022,0.27365649514714846,0.12073859389266645,0.278515667438665,0.20290729379361083
train_0135,5,transition,0.13125985458807335,0.22772653147077793,0.1217086984610729,0.3503402911650987,0.21389933769902017
train_0136,3,combined,0.03545887875521855,0.14455995347142298,0.027971550098224128,0.07166851236618678,0.06036036036036036
train_0136,3,demographics,0.03582231805351218,0.16744735929887025,0.026789226987654274,0.05159012868649915,0.08630952380952381
train_0136,3,persistence,0.07339449541284404,0.8571428571428571,0.0196078431372549,0.06596767147225863,0.0196078431372549
train_0136,3,population,0.03573428296068258,0.16065159523166544,0.027161526236203368,0.05366692131398013,0.08119658119658119
train_0136,3,text,0.03534340125703833,0.1403565421282205,0.028136617079604263,0.07382154882154882,0.06066176470588235
train_0136,3,transition,0.03602438555355187,0.21648246983447855,0.0236400072205471,0.10595238095238095,0.06601731601731602
train_0137,5,combined,0.09612464405780324,0.07327866718849024,0.0991552328261815,0.20467719579004892,0.2283314919299916
train_0137,5,demographics,0.09129184966377986,0.07021876402322032,0.09408725898344591,0.25915984492112737,0.29509046542496764
train_0137,5,persistence,0.2072072072072072,0.9230769230769231,0.11224489795918367,0.10550935550935552,0.11224489795918367
train_0137,5,population,0.09184724827446944,0.07219346950645898,0.09445438219267491,0.24713875560649753,0.2771228025055498
train_0137,5,text,0.09696803634272114,0.07526560141974631,0.09984693077127903,0.1885689421448937,0.1973047541864746
train_0137,5,transition,0.09847331097775248,0.10213983991572322,0.09798693469006249,0.1786668159540761,0.21754805860619636
train_0138,4,combined,0.03939684833826694,0.27956162784706096,0.01640234817253134,0.039523732990463946,NA
train_0138,4,demographics,0.03874921478480769,0.28336315881812074,0.015328730781618144,0.03199827734711455,NA
train_0138,4,persistence,0.05825242718446602,0.6666666666666666,0,0.3333333333333333,NA
train_0138,4,population,0.03906183575711562,0.27917411451032836,0.016072362259467596,0.04206349206349206,NA
train_0138,4,text,0.03950583401485055,0.2781100214844595,0.016660752235845434,0.04384504384504384,NA
train_0138,4,transition,0.030598921002787813,0.24662597087757818,0.009915480057329161,0.4305555555555555,NA
train_0139,5,combined,0.12428972967689451,0.30952019057816094,0.10794586547972396,0.3325930982347092,0.21736464787700963
train_0139,5,demographics,0.12692975500298168,0.3351415766133667,0.10855812368441828,0.2760352865624263,0.2257973060555367
train_0139,5,persistence,0.16216216216216217,0.5555555555555556,0.12745098039215685,0.22169228051580991,0.12745098039215685
train_0139,5,population,0.1267641527565913,0.3324813857490066,0.10861263219843703,0.27174027123014216,0.2250062845651081
train_0139,5,text,0.12422249618865885,0.3081892909231884,0.10799013194737685,0.3082135079423698,0.22742450213872817
train_0139,5,transition,0.1196920636766954,0.25239404611072586,0.10798306522663388,0.41436690019930333,0.2944755492446204
train_0140,3,combined,0.025375600235703497,0.020796083167587368,0.025550058028774587,0.0800438596491228,0.08101851851851852
train_0140,3,demographics,0.02822742316091035,0.013998667627465157,0.028769470990755882,0.04433713784021071,0.046875
train_0140,3,persistence,0.05504587155963303,1,0.01904761904761905,0.01834862385321101,0.01904761904761905
train_0140,3,population,0.028896286493647422,0.014206627830716407,0.029455892537949557,0.041666666666666664,0.04408602150537634
train_0140,3,text,0.025420293011185844,0.02019370750466484,0.02561940103048188,0.08408679927667269,0.08458646616541353
train_0140,3,transition,0.026181675938614018,0.08326598225152487,0.024007035698122174,0.048987854251012146,0.06654456654456654
train_0141,5,combined,0.07943933619092845,0.12982517702767027,0.07095329983947721,0.25097547559521005,0.10680458126007328
train_0141,5,demographics,0.08074121306735049,0.13765821865017847,0.07115519107445314,0.18603105229206265,0.1058124422732978
train_0141,5,persistence,0.18018018018018017,0.8125,0.07368421052631578,0.11931306306306305,0.07368421052631578
train_0141,5,population,0.0818869774446334,0.14099089541298562,0.07193263336575303,0.15536638529285587,0.09479704043947677
train_0141,5,text,0.08018891365723886,0.13177618241415792,0.07150053155081039,0.23951822728937752,0.0988658399950362
train_0141,5,transition,0.07869563695582496,0.13010019456521113,0.0700380272531915,0.3236504833279027,0.11019631481284496
train_0142,4,combined,0.11815346322398336,0.39589688271248014,0.08152795735736841,0.22541306869314387,0.24167712319886234
train_0142,4,demographics,0.1201329107642113,0.41671561922346817,0.0810231030552983,0.16609754606530333,0.13821154406295053
train_0142,4,persistence,0.13592233009708737,0.5,0.08791208791208792,0.2919556171983356,0.08791208791208792
train_0142,4,population,0.12010869097028574,0.41775330169875136,0.08085885219290566,0.15602873313434362,0.1339262190844962
train_0142,4,text,0.11795059140059291,0.39666060400023717,0.08119762270613433,0.22783770055963662,0.23871258070222026
train_0142,4,transition,0.11043923398819033,0.341343090584157,0.07999037377773319,0.3110281479085548,0.1494556197864972
train_0143,4,combined,0.07544851113306034,0.1465858708524211,0.06779933266861295,0.23988664567956183,0.23118446639269633
train_0143,4,demographics,0.07209648607477971,0.13955529062154956,0.06484285117727757,0.1657788563332918,0.12381491057961645
train_0143,4,persistence,0.13592233009708737,0.8,0.06451612903225806,0.10825242718446602,0.06451612903225806
train_0143,4,population,0.07041924997649693,0.14242698969947148,0.06267648226434912,0.1955242664215417,0.15119153037559108
train_0143,4,text,0.07434458381404269,0.1484156251093206,0.06637995571777625,0.24222326433630434,0.23059395160621193
train_0143,4,transition,0.06763708681334135,0.12788148426279075,0.06115919461447583,0.3514309927264552,0.1272029338138562
train_0144,3,combined,0.03640050275087737,0.13692825471511025,0.022787369672387498,0.08471306471306471,0.03225806451612903
train_0144,3,demographics,0.03527396239926464,0.1419073469896281,0.020834024902652924,0.068475012295237,0.038461538461538464
train_0144,3,persistence,0.11009174311926606,0.8461538461538461,0.010416666666666666,0.11173841449070807,0.010416666666666666
train_0144,3,population,0.036076182784034336,0.14248396755823167,0.02166679526252845,0.04829847571783055,0.018867924528301886
train_0144,3,text,0.03652689031708915,0.13642033183455352,0.022999653444932523,0.0904675166970249,0.0196078431372549
train_0144,3,transition,0.03706964449963869,0.1840818639141272,0.01716173978726004,0.15584415584415584,0.015625
train_0145,1,combined,0.10502799675059658,0.2198715596695742,0.09129670118419708,0.18934255346681467,0.1488050607007716
train_0145,1,demographics,0.10029254902610793,0.2062544966539864,0.08762318572277462,0.28154973313577836,0.22803675181453562
train_0145,1,persistence,0.1650485436893204,0.7272727272727273,0.09782608695652174,0.15556045895851722,0.09782608695652174
train_0145,1,population,0.10209877810209737,0.20309524394050454,0.09002311370837478,0.18450882375508454,0.11789132480126269
train_0145,1,text,0.1060015995346138,0.21618841943986636,0.09282708845898578,0.16184708084945582,0.11437054200398138
train_0145,1,transition,0.0964219175077259,0.14971678397651553,0.09004970521254453,0.332331355961942,0.11552686299540801
train_0146,4,combined,0.06381183860148583,0.14320084711132078,0.043480507153845174,0.05979763700351935,0.050851063829787234
train_0146,4,demographics,0.062053113770215655,0.1369359777316337,0.042875794950828106,0.057928117738342194,0.034716692534359044
train_0146,4,persistence,0.20388349514563106,0.8571428571428571,0.036585365853658534,0.10055478502080444,0.036585365853658534
train_0146,4,population,0.06282110730026222,0.13789012769569076,0.04359611427216467,0.061347926267281104,0.03637825659019766
train_0146,4,text,0.0642419926957801,0.1432902380028264,0.04399792987324384,0.059879814595589574,0.0487569573283859
train_0146,4,transition,0.0571242793371132,0.12339109235269301,0.040153510150196414,0.29055615769468146,0.031397306397306396
train_0147,5,combined,0.11023851564279556,0.22166616510310092,0.08269460229305717,0.32185486171607286,0.1755621868552903
train_0147,5,demographics,0.11151615156163565,0.2325910387905899,0.08158752775223123,0.27622930734958506,0.16091286124180862
train_0147,5,persistence,0.2072072072072072,0.6818181818181818,0.0898876404494382,0.22055692055692055,0.0898876404494382
train_0147,5,population,0.1114320504679673,0.23852808007547407,0.08001505438521281,0.2880699759194383,0.2010560958626975
train_0147,5,text,0.11012574245077196,0.2259775731214195,0.08148821127375797,0.32433384021307954,0.19546412719565084
train_0147,5,transition,0.11099018321891188,0.23045935471816298,0.08145847790449026,0.2951487935765084,0.16424632349855212
train_0148,4,combined,0.08595069533813615,0.3079773186342392,0.06976125405612862,0.24784451659451662,0.2240275563522468
train_0148,4,demographics,0.08864549044924902,0.33750895243354345,0.07049919634622756,0.15457241321665174,0.11439532097562166
train_0148,4,persistence,0.10679611650485436,0.5714285714285714,0.07291666666666667,0.19653259361997225,0.07291666666666667
train_0148,4,population,0.09031914746187351,0.35576091089960155,0.07096401887787251,0.12858045508851962,0.10660604622398642
train_0148,4,text,0.0868380971523652,0.32047649052080407,0.0698019643025832,0.22494073760378108,0.2286269674051753
train_0148,4,transition,0.0802321377416749,0.24302642093085808,0.06836172125913029,0.3392145010200199,0.11448704898393805
train_0149,5,combined,0.04634199632593484,0.03418021463511532,0.04754613312700608,0.12261469692504176,0.16943113477274968
train_0149,5,demographics,0.04599792468506593,0.02266357358140431,0.04830825647750767,0.2733351766230367,0.28739424318371687
train_0149,5,persistence,0.13513513513513514,1,0.04950495049504951,0.04504504504504504,0.04950495049504951
train_0149,5,population,0.04596285456398878,0.022254156861232204,0.048310250376142894,0.18123123123123125,0.1981946408926607
train_0149,5,text,0.046087007013458255,0.03383120854813901,0.04730045240606412,0.12234605017623887,0.1679166666666667
train_0149,5,transition,0.05165788970766047,0.09007181939841252,0.04785453033233848,0.07469713577130457,0.12260694108151736
train_0150,5,combined,0.10123746092073053,0.32855195447767915,0.038530014422261956,0.3723737828146322,0.1510840108401084
train_0150,5,demographics,0.10055403252980426,0.34451726956365514,0.033253829210121245,0.42986488899565617,0.30357142857142855
train_0150,5,persistence,0.14414414414414414,0.5416666666666666,0.034482758620689655,0.38714607464607464,0.034482758620689655
train_0150,5,population,0.10135986648273983,0.3479611126113962,0.03333193651621394,0.3465232507743005,0.3194444444444444
train_0150,5,text,0.10163251777335632,0.330762990600916,0.038424111476098456,0.35161619942760786,0.1465201465201465
train_0150,5,transition,0.07661193901468837,0.23863957631905908,0.03191465975831023,0.6838101844848471,0.2676767676767677
